CheckedEST,Link,Date,DP_Alcona,DP_Alger,DP_Allegan,DP_Alpena,DP_Antrim,DP_Arenac,DP_Baraga,DP_Barry,DP_Bay,DP_Benzie,DP_Berrien,DP_Branch,DP_Calhoun,DP_Cass,DP_Charlevoix,DP_Cheboygan,DP_Chippewa,DP_Clare,DP_Clinton,DP_Crawford,DP_Delta,DP_Dickinson,DP_Eaton,DP_Emmet,DP_Genesee,DP_Gladwin,DP_Gogebic,DP_GrandTraverse,DP_Gratiot,DP_Hillsdale,DP_Houghton,DP_Huron,DP_Ingham,DP_Ionia,DP_Iosco,DP_Iron,DP_Isabella,DP_Jackson,DP_Kalamazoo,DP_Kalkaska,DP_Kent,DP_Keweenaw,DP_Lake,DP_Lapeer,DP_Leelanau,DP_Lenawee,DP_Livingston,DP_Luce,DP_Mackinac,DP_Macomb,DP_Manistee,DP_Marquette,DP_Mason,DP_Mecosta,DP_Menominee,DP_Midland,DP_Missaukee,DP_Monroe,DP_Montcalm,DP_Montmorency,DP_Muskegon,DP_Newaygo,DP_Oakland,DP_Oceana,DP_Ogemaw,DP_Ontonagon,DP_Osceola,DP_Oscoda,DP_Otsego,DP_Ottawa,DP_PresqueIsle,DP_Roscommon,DP_Saginaw,DP_Sanilac,DP_Schoolcraft,DP_Shiawassee,DP_StClair,DP_StJoseph,DP_Tuscola,DP_VanBuren,DP_Washtenaw,DP_Wayne,DP_Wexford,DP_MDOC,DP_FCI,DP_OutState,DP_NR,DP_TOTAL,DP_Detroit,DP_Notes,DP_Male,DP_Female,DP_SexNR,DP_0_19,DP_20_29,DP_30_39,DP_40_49,DP_50_59,DP_60_69,DP_70_79,DP_80_plus,DP_AgeNR,DP_Native,DP_Asian,DP_Black,DP_White,DP_Many,DP_Other,DP_RaceNR
,,2020-03-01,0,0,0,0,0,0,0,0,0,0,0,0,0,0,0,0,0,0,0,0,0,0,0,0,0,0,0,0,0,0,0,0,0,0,0,0,0,0,0,0,0,0,0,0,0,0,0,0,0,0,0,0,0,0,0,0,0,0,0,0,0,0,0,0,0,0,0,0,0,0,0,0,0,0,0,0,0,0,0,0,0,0,0,0,0,0,0,0,0,"Taken from ""Confirmed and Probable Cases by County by Date"" downloadable file first released by the MDHHS cumulative coronavirus website on 2020-06-6",,,,,,,,,,,,,,,,,,,
,,2020-03-02,0,0,0,0,0,0,0,0,0,0,0,0,0,0,0,0,0,0,0,0,0,0,0,0,0,0,0,0,0,0,0,0,0,0,0,0,0,0,0,0,0,0,0,0,0,0,0,0,0,0,0,0,0,0,0,0,0,0,0,0,0,0,0,0,0,0,0,0,0,0,0,0,0,0,0,0,0,0,0,0,0,0,0,0,0,0,0,0,0,"Taken from ""Confirmed and Probable Cases by County by Date"" downloadable file first released by the MDHHS cumulative coronavirus website on 2020-06-5",,,,,,,,,,,,,,,,,,,
,,2020-03-03,0,0,0,0,0,0,0,0,0,0,0,0,0,0,0,0,0,0,0,0,0,0,0,0,0,0,0,0,0,0,0,0,0,0,0,0,0,0,0,0,0,0,0,0,0,0,0,0,0,0,0,0,0,0,0,0,0,0,0,0,0,0,0,0,0,0,0,0,0,0,0,0,0,0,0,0,0,0,0,0,0,0,0,0,0,0,0,0,0,"Taken from ""Confirmed and Probable Cases by County by Date"" downloadable file first released by the MDHHS cumulative coronavirus website on 2020-06-4",,,,,,,,,,,,,,,,,,,
,,2020-03-04,0,0,0,0,0,0,0,0,0,0,0,0,0,0,0,0,0,0,0,0,0,0,0,0,0,0,0,0,0,0,0,0,0,0,0,0,0,0,0,0,0,0,0,0,0,0,0,0,0,0,0,0,0,0,0,0,0,0,0,0,0,0,0,0,0,0,0,0,0,0,0,0,0,0,0,0,0,0,0,0,0,0,0,0,0,0,0,0,0,"Taken from ""Confirmed and Probable Cases by County by Date"" downloadable file first released by the MDHHS cumulative coronavirus website on 2020-06-3",,,,,,,,,,,,,,,,,,,
,,2020-03-05,0,0,0,0,0,0,0,0,0,0,0,0,0,0,0,0,0,0,0,0,0,0,0,0,0,0,0,0,0,0,0,0,0,0,0,0,0,0,0,0,0,0,0,0,0,0,0,0,0,0,0,0,0,0,0,0,0,0,0,0,0,0,0,0,0,0,0,0,0,0,0,0,0,0,0,0,0,0,0,0,0,0,0,0,0,0,0,0,0,"Taken from ""Confirmed and Probable Cases by County by Date"" downloadable file first released by the MDHHS cumulative coronavirus website on 2020-06-2",,,,,,,,,,,,,,,,,,,
,,2020-03-06,0,0,0,0,0,0,0,0,0,0,0,0,0,0,0,0,0,0,0,0,0,0,0,0,0,0,0,0,0,0,0,0,0,0,0,0,0,0,0,0,0,0,0,0,0,0,0,0,0,0,0,0,0,0,0,0,0,0,0,0,0,0,0,0,0,0,0,0,0,0,0,0,0,0,0,0,0,0,0,0,0,0,0,0,0,0,0,0,0,"Taken from ""Confirmed and Probable Cases by County by Date"" downloadable file first released by the MDHHS cumulative coronavirus website on 2020-06-1",,,,,,,,,,,,,,,,,,,
,,2020-03-07,0,0,0,0,0,0,0,0,0,0,0,0,0,0,0,0,0,0,0,0,0,0,0,0,0,0,0,0,0,0,0,0,0,0,0,0,0,0,0,0,0,0,0,0,0,0,0,0,0,0,0,0,0,0,0,0,0,0,0,0,0,0,0,0,0,0,0,0,0,0,0,0,0,0,0,0,0,0,0,0,0,0,0,0,0,0,0,0,0,"Taken from ""Confirmed and Probable Cases by County by Date"" downloadable file first released by the MDHHS cumulative coronavirus website on 2020-06-0",,,,,,,,,,,,,,,,,,,
,,2020-03-08,0,0,0,0,0,0,0,0,0,0,0,0,0,0,0,0,0,0,0,0,0,0,0,0,0,0,0,0,0,0,0,0,0,0,0,0,0,0,0,0,0,0,0,0,0,0,0,0,0,0,0,0,0,0,0,0,0,0,0,0,0,0,0,0,0,0,0,0,0,0,0,0,0,0,0,0,0,0,0,0,0,0,0,0,0,0,0,0,0,"Taken from ""Confirmed and Probable Cases by County by Date"" downloadable file first released by the MDHHS cumulative coronavirus website on 2020-06-1",,,,,,,,,,,,,,,,,,,
,,2020-03-09,0,0,0,0,0,0,0,0,0,0,0,0,0,0,0,0,0,0,0,0,0,0,0,0,0,0,0,0,0,0,0,0,0,0,0,0,0,0,0,0,0,0,0,0,0,0,0,0,0,0,0,0,0,0,0,0,0,0,0,0,0,0,0,0,0,0,0,0,0,0,0,0,0,0,0,0,0,0,0,0,0,0,0,0,0,0,0,0,0,"Taken from ""Confirmed and Probable Cases by County by Date"" downloadable file first released by the MDHHS cumulative coronavirus website on 2020-06-2",,,,,,,,,,,,,,,,,,,
,,2020-03-10,0,0,0,0,0,0,0,0,0,0,0,0,0,0,0,0,0,0,0,0,0,0,0,0,0,0,0,0,0,0,0,0,0,0,0,0,0,0,0,0,0,0,0,0,0,0,0,0,0,0,0,0,0,0,0,0,0,0,0,0,0,0,0,0,0,0,0,0,0,0,0,0,0,0,0,0,0,0,0,0,0,0,0,0,0,0,0,0,0,"Taken from ""Confirmed and Probable Cases by County by Date"" downloadable file first released by the MDHHS cumulative coronavirus website on 2020-06-3",,,,,,,,,,,,,,,,,,,
,,2020-03-11,0,0,0,0,0,0,0,0,0,0,0,0,0,0,0,0,0,0,0,0,0,0,0,0,0,0,0,0,0,0,0,0,0,0,0,0,0,0,0,0,0,0,0,0,0,0,0,0,0,0,0,0,0,0,0,0,0,0,0,0,0,0,0,0,0,0,0,0,0,0,0,0,0,0,0,0,0,0,0,0,0,0,0,0,0,0,0,0,0,"Taken from ""Confirmed and Probable Cases by County by Date"" downloadable file first released by the MDHHS cumulative coronavirus website on 2020-06-4",,,,,,,,,,,,,,,,,,,
,,2020-03-12,0,0,0,0,0,0,0,0,0,0,0,0,0,0,0,0,0,0,0,0,0,0,0,0,0,0,0,0,0,0,0,0,0,0,0,0,0,0,0,0,0,0,0,0,0,0,0,0,0,0,0,0,0,0,0,0,0,0,0,0,0,0,0,0,0,0,0,0,0,0,0,0,0,0,0,0,0,0,0,0,0,1,0,0,0,0,0,1,1,"Taken from ""Confirmed and Probable Cases by County by Date"" downloadable file first released by the MDHHS cumulative coronavirus website on 2020-06-5",,,,,,,,,,,,,,,,,,,
,,2020-03-13,0,0,0,0,0,0,0,0,0,0,0,0,0,0,0,0,0,0,0,0,0,0,0,0,0,0,0,0,0,0,0,0,0,0,0,0,0,0,0,0,0,0,0,0,0,0,0,0,0,0,0,0,0,0,0,0,0,0,0,0,0,0,0,0,0,0,0,0,0,0,0,0,0,0,0,0,0,0,0,0,0,1,0,0,0,0,0,1,1,"Taken from ""Confirmed and Probable Cases by County by Date"" downloadable file first released by the MDHHS cumulative coronavirus website on 2020-06-6",,,,,,,,,,,,,,,,,,,
,,2020-03-14,0,0,0,0,0,0,0,0,0,0,0,0,0,0,0,0,0,0,0,0,0,0,0,0,0,0,0,0,0,0,0,0,0,0,0,0,0,0,0,0,0,0,0,0,0,0,0,0,0,0,0,0,0,0,0,0,0,0,0,0,0,0,0,0,0,0,0,0,0,0,0,0,0,0,0,0,0,0,0,0,0,1,0,0,0,0,0,1,1,"Taken from ""Confirmed and Probable Cases by County by Date"" downloadable file first released by the MDHHS cumulative coronavirus website on 2020-06-7",,,,,,,,,,,,,,,,,,,
,,2020-03-15,0,0,0,0,0,0,0,0,0,0,0,0,0,0,0,0,0,0,0,0,0,0,0,0,0,0,0,0,0,0,0,0,0,0,0,0,0,0,0,0,0,0,0,0,0,0,0,0,0,0,0,0,0,0,0,0,0,0,0,0,0,0,0,0,0,0,0,0,0,0,0,0,0,0,0,0,0,0,0,0,0,1,0,0,0,0,0,1,1,"Taken from ""Confirmed and Probable Cases by County by Date"" downloadable file first released by the MDHHS cumulative coronavirus website on 2020-06-8",,,,,,,,,,,,,,,,,,,
,,2020-03-16,0,0,0,0,0,0,0,0,0,0,0,0,0,0,0,0,0,0,0,0,0,0,0,0,0,0,0,0,0,0,0,0,0,0,0,0,0,0,0,0,0,0,0,0,0,0,0,0,0,0,0,0,0,0,0,0,0,0,0,0,0,0,0,0,0,0,0,0,0,0,0,0,0,0,0,0,0,0,0,0,0,1,0,0,0,0,0,1,1,"Taken from ""Confirmed and Probable Cases by County by Date"" downloadable file first released by the MDHHS cumulative coronavirus website on 2020-06-9",,,,,,,,,,,,,,,,,,,
,,2020-03-17,0,0,0,0,0,0,0,0,0,0,0,0,0,0,0,0,0,0,0,0,0,0,0,0,0,0,0,0,0,0,0,0,0,0,0,0,0,0,0,0,0,0,0,0,0,0,0,0,0,0,0,0,0,0,0,0,0,0,0,0,0,0,0,0,0,0,0,0,0,0,0,0,0,0,0,0,0,0,0,0,0,1,0,0,0,0,0,1,1,"Taken from ""Confirmed and Probable Cases by County by Date"" downloadable file first released by the MDHHS cumulative coronavirus website on 2020-06-10",,,,,,,,,,,,,,,,,,,
,,2020-03-18,0,0,0,0,0,0,0,0,0,0,0,0,0,0,0,0,0,0,0,0,0,0,0,0,0,0,0,0,0,0,0,0,0,0,0,0,0,0,0,0,0,0,0,0,0,0,0,0,0,0,0,0,0,0,0,0,0,0,0,0,0,0,0,0,0,0,0,0,0,0,0,0,0,0,0,0,0,0,0,0,0,1,0,0,0,0,0,1,1,"Taken from ""Confirmed and Probable Cases by County by Date"" downloadable file first released by the MDHHS cumulative coronavirus website on 2020-06-11",,,,,,,,,,,,,,,,,,,
,,2020-03-19,0,0,0,0,0,0,0,0,0,0,0,0,0,0,0,0,0,0,0,0,0,0,0,0,0,0,0,0,0,0,0,0,0,0,0,0,0,0,0,0,0,0,0,0,0,0,0,0,0,0,0,0,0,0,0,0,0,0,0,0,0,0,0,0,0,0,0,0,0,0,0,0,0,0,0,0,0,0,0,0,0,1,0,0,0,0,0,1,1,"Taken from ""Confirmed and Probable Cases by County by Date"" downloadable file first released by the MDHHS cumulative coronavirus website on 2020-06-12",,,,,,,,,,,,,,,,,,,
,,2020-03-20,0,0,0,0,0,0,0,0,0,0,0,0,0,0,0,0,0,0,0,0,0,0,0,0,0,0,0,0,0,0,0,0,0,0,0,0,0,0,0,0,0,0,0,0,0,0,0,0,0,0,0,0,0,0,0,0,0,0,0,0,0,0,1,0,0,0,0,0,0,0,0,0,0,0,0,0,0,0,0,0,0,1,0,0,0,0,0,2,1,"Taken from ""Confirmed and Probable Cases by County by Date"" downloadable file first released by the MDHHS cumulative coronavirus website on 2020-06-13  ",,,,,,,,,,,,,,,,,,,
,,2020-03-21,0,0,0,0,0,0,0,0,0,0,0,0,0,0,0,0,0,0,0,0,0,0,0,0,0,0,0,0,0,0,0,0,0,0,0,0,0,0,0,0,0,0,0,0,0,0,1,0,0,0,0,0,0,0,0,0,0,0,0,0,0,0,1,0,0,0,0,0,0,0,0,0,0,0,0,0,0,0,0,0,0,1,0,0,0,0,0,3,1,"Taken from ""Confirmed and Probable Cases by County by Date"" downloadable file first released by the MDHHS cumulative coronavirus website on 2020-06-13  ",,,,,,,,,,,,,,,,,,,
,,2020-03-22,0,0,0,0,0,0,0,0,0,0,0,0,0,0,0,0,0,0,0,0,0,0,0,0,0,0,0,0,0,0,0,0,0,0,0,0,0,0,0,0,0,0,0,0,0,0,1,0,0,0,0,0,0,0,0,0,0,0,0,0,0,0,1,0,0,0,0,0,0,0,0,0,0,0,0,0,0,0,0,0,0,1,0,0,0,0,0,3,1,"Taken from ""Confirmed and Probable Cases by County by Date"" downloadable file first released by the MDHHS cumulative coronavirus website on 2020-06-13  ",,,,,,,,,,,,,,,,,,,
,,2020-03-23,0,0,0,0,0,0,0,0,0,0,0,0,0,0,0,0,0,0,0,0,0,0,0,0,0,0,0,0,0,0,0,0,0,0,0,0,0,0,0,0,0,0,0,0,0,0,1,0,0,0,0,0,0,0,0,0,0,0,0,0,0,0,1,0,0,0,0,0,0,0,0,0,0,0,0,0,0,0,0,0,0,1,0,0,0,0,0,3,1,"Taken from ""Confirmed and Probable Cases by County by Date"" downloadable file first released by the MDHHS cumulative coronavirus website on 2020-06-13  ",,,,,,,,,,,,,,,,,,,
,,2020-03-24,0,0,0,0,0,0,0,0,0,0,0,0,0,0,0,0,0,0,0,0,0,0,0,0,0,0,0,0,0,0,0,0,0,0,0,0,0,0,0,0,0,0,0,0,0,0,1,0,0,1,0,0,0,0,0,0,0,0,0,0,0,0,2,0,0,0,0,0,0,0,0,0,0,0,0,0,0,0,0,1,0,2,0,0,0,0,0,7,2,"Taken from ""Confirmed and Probable Cases by County by Date"" downloadable file first released by the MDHHS cumulative coronavirus website on 2020-06-13  ",,,,,,,,,,,,,,,,,,,
,,2020-03-25,0,0,0,0,0,0,0,0,0,0,0,0,0,0,0,0,0,0,0,0,0,0,0,0,0,0,0,0,0,0,0,0,0,0,0,0,0,0,0,0,0,0,0,0,0,0,1,0,0,1,0,0,0,0,0,0,0,0,0,0,0,0,2,0,0,0,0,0,0,0,0,0,0,0,0,0,0,0,0,1,0,3,0,0,0,0,0,8,3,"Taken from ""Confirmed and Probable Cases by County by Date"" downloadable file first released by the MDHHS cumulative coronavirus website on 2020-06-13  ",,,,,,,,,,,,,,,,,,,
,,2020-03-26,0,0,0,0,0,0,0,0,0,0,0,0,0,0,0,0,0,0,0,0,0,0,0,0,0,0,0,0,0,0,0,0,0,0,0,0,0,0,0,0,0,0,0,0,0,0,1,0,0,1,0,0,0,0,0,0,0,0,0,0,0,0,2,0,0,0,0,0,0,0,0,0,0,0,0,0,0,0,0,1,0,5,0,0,0,0,0,10,5,"Taken from ""Confirmed and Probable Cases by County by Date"" downloadable file first released by the MDHHS cumulative coronavirus website on 2020-06-13  ",,,,,,,,,,,,,,,,,,,
,,2020-03-27,0,0,0,0,0,0,0,0,0,0,0,0,0,0,0,0,0,0,0,0,0,0,0,0,0,0,0,0,0,0,0,0,0,0,0,0,0,1,0,0,0,0,0,0,0,0,1,0,0,1,0,0,0,0,0,0,0,0,0,0,0,0,2,0,0,0,0,0,0,0,0,0,0,0,0,0,0,0,0,1,0,8,0,0,0,0,0,14,8,"Taken from ""Confirmed and Probable Cases by County by Date"" downloadable file first released by the MDHHS cumulative coronavirus website on 2020-06-13  ",,,,,,,,,,,,,,,,,,,
,,2020-03-28,0,0,0,0,0,0,0,0,0,0,0,0,0,0,0,0,0,0,0,0,0,0,0,0,0,0,0,0,0,0,0,0,0,0,0,0,0,1,0,0,0,0,0,0,0,0,1,0,0,1,0,0,0,0,0,0,0,0,0,0,0,0,2,0,0,0,0,0,0,0,0,0,0,0,0,0,0,0,0,1,0,12,0,0,0,0,0,18,12,"Taken from ""Confirmed and Probable Cases by County by Date"" downloadable file first released by the MDHHS cumulative coronavirus website on 2020-06-13  ",,,,,,,,,,,,,,,,,,,
,,2020-03-29,0,0,0,0,0,0,0,0,0,0,0,0,0,0,0,0,0,0,0,0,0,0,0,0,0,0,0,0,0,0,0,0,0,0,0,0,0,1,0,0,0,0,0,0,0,0,1,0,0,1,0,0,0,0,0,0,0,0,0,0,0,0,4,0,0,0,0,0,0,0,0,0,1,0,0,0,0,0,0,1,0,16,0,0,0,0,0,25,16,"Taken from ""Confirmed and Probable Cases by County by Date"" downloadable file first released by the MDHHS cumulative coronavirus website on 2020-06-13  ",,,,,,,,,,,,,,,,,,,
,,2020-03-30,0,0,0,0,0,0,0,0,0,0,0,0,0,0,0,0,0,0,0,0,0,0,0,0,0,0,0,0,0,0,0,0,0,0,0,0,0,1,0,0,0,0,0,0,0,0,1,0,0,2,0,0,0,0,0,0,0,0,0,0,0,0,4,0,0,0,0,0,0,0,0,0,1,0,0,0,0,0,0,1,0,19,0,0,0,0,0,29,19,"Taken from ""Confirmed and Probable Cases by County by Date"" downloadable file first released by the MDHHS cumulative coronavirus website on 2020-06-13  ",,,,,,,,,,,,,,,,,,,
,,2020-03-31,0,0,0,0,0,0,0,0,0,0,0,0,0,0,0,0,0,0,0,0,0,0,0,0,0,0,0,0,0,0,0,0,0,0,0,0,0,1,0,0,0,0,0,0,0,0,1,0,0,2,0,0,0,0,0,0,0,0,0,0,0,0,5,0,0,0,0,0,0,0,0,0,1,0,0,0,0,0,0,1,0,22,0,0,0,0,0,33,22,"Taken from ""Confirmed and Probable Cases by County by Date"" downloadable file first released by the MDHHS cumulative coronavirus website on 2020-06-13  ",,,,,,,,,,,,,,,,,,,
,,2020-04-01,0,0,0,0,0,0,0,0,0,0,0,0,0,0,0,0,0,0,0,0,0,0,0,0,0,0,0,0,0,0,0,0,0,0,0,0,0,1,0,0,0,0,0,0,0,0,1,0,0,2,0,0,0,0,0,0,0,0,0,0,0,0,5,0,0,0,0,0,0,0,0,0,1,0,0,0,0,0,0,1,0,25,0,0,0,0,0,36,25,"Taken from ""Confirmed and Probable Cases by County by Date"" downloadable file first released by the MDHHS cumulative coronavirus website on 2020-06-13  ",,,,,,,,,,,,,,,,,,,
,,2020-04-02,0,0,0,0,0,0,0,0,0,0,0,0,0,0,0,0,0,0,0,0,0,0,0,0,0,0,0,0,0,0,0,0,0,0,0,0,0,1,0,0,0,0,0,0,0,0,1,0,0,2,0,0,0,0,0,0,0,0,0,0,0,0,5,0,0,0,0,0,0,0,0,0,1,0,0,0,0,0,0,1,0,26,0,0,0,0,0,37,26,"Taken from ""Confirmed and Probable Cases by County by Date"" downloadable file first released by the MDHHS cumulative coronavirus website on 2020-06-13  ",,,,,,,,,,,,,,,,,,,
,,2020-04-03,0,0,0,0,0,0,0,0,0,0,0,0,0,0,0,0,0,0,0,0,0,0,0,0,0,0,0,0,0,0,0,0,0,0,0,0,0,1,0,0,0,0,0,0,0,0,1,0,0,3,0,0,0,0,0,0,0,0,0,0,0,0,6,0,0,0,0,0,0,0,0,0,1,0,0,0,0,0,0,1,0,27,0,0,0,0,0,40,27,"Taken from ""Confirmed and Probable Cases by County by Date"" downloadable file first released by the MDHHS cumulative coronavirus website on 2020-06-13  ",,,,,,,,,,,,,,,,,,,
,,2020-04-04,0,0,0,0,0,0,0,0,0,0,0,0,0,0,0,0,0,0,0,0,0,0,0,0,0,0,0,0,0,0,0,0,0,0,0,0,0,1,0,0,0,0,0,0,0,0,1,0,0,3,0,0,0,0,0,0,0,0,0,0,0,0,7,0,0,0,0,0,0,0,0,0,1,0,0,0,0,0,0,1,0,30,0,0,0,0,0,44,30,"Taken from ""Confirmed and Probable Cases by County by Date"" downloadable file first released by the MDHHS cumulative coronavirus website on 2020-06-13  ",,,,,,,,,,,,,,,,,,,
,,2020-04-05,0,0,0,0,0,0,0,0,0,0,0,0,0,0,0,0,0,0,0,0,0,0,0,0,1,0,0,0,0,0,0,0,0,0,0,0,0,1,0,0,0,0,0,0,0,0,1,0,0,4,0,0,0,0,0,0,0,0,0,0,0,0,7,0,0,0,0,0,0,0,0,0,1,0,0,0,0,0,0,1,0,40,0,0,0,0,0,56,40,"Taken from ""Confirmed and Probable Cases by County by Date"" downloadable file first released by the MDHHS cumulative coronavirus website on 2020-06-13  ",,,,,,,,,,,,,,,,,,,
,,2020-04-06,0,0,0,0,0,0,0,0,0,0,0,0,0,0,0,0,0,0,0,0,0,0,0,0,2,0,0,0,0,0,0,0,0,0,0,0,0,1,0,0,1,0,0,1,0,0,1,0,0,6,0,0,0,0,0,0,0,0,0,0,0,0,8,0,0,0,0,0,0,0,0,0,1,0,0,0,0,0,0,1,0,43,0,0,0,0,0,65,43,"Taken from ""Confirmed and Probable Cases by County by Date"" downloadable file first released by the MDHHS cumulative coronavirus website on 2020-06-13  ",,,,,,,,,,,,,,,,,,,
,,2020-04-07,0,0,0,0,0,0,0,0,0,0,0,0,0,0,0,0,0,0,0,0,0,0,0,0,2,0,0,0,0,0,0,0,0,0,0,0,0,1,0,0,1,0,0,1,0,0,1,0,0,6,0,0,0,0,0,0,0,0,0,0,0,0,10,0,0,0,0,0,0,0,0,0,1,0,0,0,0,0,0,1,0,44,0,0,0,0,0,68,44,"Taken from ""Confirmed and Probable Cases by County by Date"" downloadable file first released by the MDHHS cumulative coronavirus website on 2020-06-13  ",,,,,,,,,,,,,,,,,,,
,,2020-04-08,0,0,0,0,0,0,0,0,0,0,0,0,0,0,0,0,0,0,0,0,0,0,0,0,2,0,0,0,0,0,0,0,0,0,0,0,0,1,0,0,1,0,0,1,0,0,1,0,0,6,0,0,0,0,0,0,0,0,0,0,0,0,12,0,0,0,0,0,0,0,0,0,1,0,0,0,0,0,0,1,0,46,0,0,0,0,0,72,46,"Taken from ""Confirmed and Probable Cases by County by Date"" downloadable file first released by the MDHHS cumulative coronavirus website on 2020-06-13  ",,,,,,,,,,,,,,,,,,,
,,2020-04-09,0,0,0,0,0,0,0,0,0,0,0,0,0,0,0,0,0,0,0,0,0,0,0,0,2,0,0,0,0,0,0,0,0,0,0,0,0,1,0,0,1,0,0,1,0,0,1,0,0,8,0,0,0,0,0,0,0,0,0,0,0,0,13,0,0,0,0,0,0,0,0,0,1,0,0,0,0,0,0,1,0,50,0,0,0,0,0,79,50,"Taken from ""Confirmed and Probable Cases by County by Date"" downloadable file first released by the MDHHS cumulative coronavirus website on 2020-06-13  ",,,,,,,,,,,,,,,,,,,
,,2020-04-10,0,0,0,0,0,0,0,0,0,0,0,0,0,0,0,0,0,0,0,0,0,0,0,0,2,0,0,0,0,0,0,0,0,0,0,0,0,1,0,0,1,0,0,1,0,0,1,0,0,9,0,0,0,0,0,0,0,0,0,0,0,0,15,0,0,0,0,0,0,0,0,0,1,0,0,0,0,0,0,1,0,52,0,0,0,0,0,84,52,"Taken from ""Confirmed and Probable Cases by County by Date"" downloadable file first released by the MDHHS cumulative coronavirus website on 2020-06-13  ",,,,,,,,,,,,,,,,,,,
,,2020-04-11,0,0,0,0,0,0,0,0,0,0,0,0,0,0,0,0,0,0,0,0,0,0,0,0,4,0,0,0,0,0,0,0,0,0,0,0,0,1,0,0,1,0,0,1,0,0,1,0,0,9,0,0,0,0,0,0,0,0,0,0,0,0,18,0,0,0,0,0,0,0,0,0,1,0,0,0,0,0,0,1,0,54,0,0,0,0,0,91,54,"Taken from ""Confirmed and Probable Cases by County by Date"" downloadable file first released by the MDHHS cumulative coronavirus website on 2020-06-13  ",,,,,,,,,,,,,,,,,,,
,,2020-04-12,0,0,0,0,0,0,0,0,0,0,0,0,0,0,0,0,0,0,0,0,0,0,0,0,6,0,0,0,0,0,0,0,0,0,0,0,0,1,0,0,1,0,0,1,0,0,1,0,0,11,1,0,0,0,0,0,0,0,0,0,0,0,19,0,0,0,0,0,0,1,0,0,1,0,0,0,1,0,0,1,0,54,0,0,0,0,0,99,54,"Taken from ""Confirmed and Probable Cases by County by Date"" downloadable file first released by the MDHHS cumulative coronavirus website on 2020-06-13  ",,,,,,,,,,,,,,,,,,,
,,2020-04-13,0,0,0,0,0,0,0,0,0,0,0,0,0,0,0,0,0,0,0,0,0,0,0,0,8,0,0,0,0,0,0,0,0,0,0,0,0,1,0,0,1,0,0,1,0,0,1,0,0,13,1,0,0,0,0,0,0,1,0,0,0,0,19,0,0,0,0,0,0,1,0,0,1,0,0,0,1,0,0,1,0,56,0,0,0,0,0,106,56,"Taken from ""Confirmed and Probable Cases by County by Date"" downloadable file first released by the MDHHS cumulative coronavirus website on 2020-06-13  ",,,,,,,,,,,,,,,,,,,
,,2020-04-14,0,0,0,0,0,0,0,0,0,0,0,0,0,0,0,0,0,0,0,0,0,0,0,0,10,0,0,0,0,0,0,0,0,0,0,0,0,1,1,0,1,0,0,1,0,0,1,0,0,13,1,0,0,0,0,0,0,1,0,0,0,0,20,0,0,0,0,0,0,2,0,0,1,0,0,0,1,0,0,1,0,58,0,0,0,0,0,113,58,"Taken from ""Confirmed and Probable Cases by County by Date"" downloadable file first released by the MDHHS cumulative coronavirus website on 2020-06-13  ",,,,,,,,,,,,,,,,,,,
,,2020-04-15,0,0,0,0,0,0,0,0,0,0,0,0,0,0,0,0,0,0,0,0,0,0,0,0,11,0,0,0,0,0,0,0,0,0,0,0,0,1,1,0,1,0,0,1,0,0,1,0,0,13,1,0,0,0,0,0,0,1,0,0,0,0,20,0,0,0,0,0,0,2,0,0,1,0,0,0,1,0,0,1,0,59,0,0,0,0,0,115,59,"Taken from ""Confirmed and Probable Cases by County by Date"" downloadable file first released by the MDHHS cumulative coronavirus website on 2020-06-13  ",,,,,,,,,,,,,,,,,,,
,,2020-04-16,0,0,0,0,0,0,0,0,0,0,0,0,0,0,0,0,0,0,0,0,0,0,0,0,12,0,0,0,0,0,0,0,0,0,0,0,0,1,1,0,1,0,0,1,0,0,1,0,0,15,1,0,0,0,0,0,0,1,0,0,0,0,21,0,0,0,0,0,0,2,0,0,1,0,0,0,1,0,0,1,0,60,0,0,0,0,0,120,60,"Taken from ""Confirmed and Probable Cases by County by Date"" downloadable file first released by the MDHHS cumulative coronavirus website on 2020-06-13  ",,,,,,,,,,,,,,,,,,,
,,2020-04-17,0,0,0,0,0,0,0,0,0,0,0,0,1,0,0,0,0,0,0,0,0,0,0,0,14,0,0,0,0,0,0,0,0,0,0,0,0,1,1,0,1,0,0,1,0,0,1,0,0,17,1,0,0,0,0,0,0,1,0,0,0,0,22,0,0,0,0,0,0,3,0,0,1,0,0,0,1,0,0,1,0,61,0,0,0,0,0,128,61,"Taken from ""Confirmed and Probable Cases by County by Date"" downloadable file first released by the MDHHS cumulative coronavirus website on 2020-06-13  ",,,,,,,,,,,,,,,,,,,
,,2020-04-18,0,0,0,0,0,0,0,0,0,0,0,0,1,0,0,0,0,0,0,0,0,0,0,0,14,0,0,0,0,0,0,0,0,0,0,0,0,1,1,0,1,0,0,1,0,0,1,0,0,18,1,0,0,0,0,0,0,1,0,0,0,0,25,0,0,0,0,0,0,3,0,0,1,0,0,0,1,0,0,1,0,61,0,0,0,0,0,132,61,"Taken from ""Confirmed and Probable Cases by County by Date"" downloadable file first released by the MDHHS cumulative coronavirus website on 2020-06-13  ",,,,,,,,,,,,,,,,,,,
,,2020-04-19,0,0,0,0,0,0,0,0,0,0,0,0,1,0,0,0,0,0,0,0,0,0,0,0,15,0,0,0,0,0,0,0,0,0,0,0,0,1,1,0,1,0,0,1,0,0,1,0,0,18,1,0,0,0,0,0,0,1,0,0,0,0,26,0,0,0,0,0,0,3,0,0,1,0,0,0,1,0,0,1,0,64,0,0,0,0,0,137,64,"Taken from ""Confirmed and Probable Cases by County by Date"" downloadable file first released by the MDHHS cumulative coronavirus website on 2020-06-13  ",,,,,,,,,,,,,,,,,,,
,,2020-04-20,0,0,0,0,0,0,0,0,0,0,0,0,1,0,0,0,0,0,0,0,0,0,0,0,15,0,0,0,0,0,0,0,0,0,0,0,0,1,1,0,1,0,0,1,0,0,1,0,0,18,1,0,0,0,0,0,0,1,0,0,0,0,30,0,0,0,0,0,0,3,0,0,1,0,0,0,1,0,0,1,0,68,0,0,0,0,0,145,68,"Taken from ""Confirmed and Probable Cases by County by Date"" downloadable file first released by the MDHHS cumulative coronavirus website on 2020-06-13  ",,,,,,,,,,,,,,,,,,,
,,2020-04-21,0,0,0,0,0,0,0,0,0,0,0,0,1,0,0,0,0,0,0,0,0,0,0,0,15,0,0,0,0,0,0,0,0,0,0,0,0,1,1,0,1,0,0,1,0,0,1,0,0,18,1,0,0,0,0,0,0,1,0,0,0,0,31,0,0,0,0,0,0,4,0,0,1,0,0,0,1,0,0,1,0,68,0,0,0,0,0,147,68,"Taken from ""Confirmed and Probable Cases by County by Date"" downloadable file first released by the MDHHS cumulative coronavirus website on 2020-06-13  ",,,,,,,,,,,,,,,,,,,
,,2020-04-22,0,0,0,0,0,0,0,0,0,0,0,0,1,0,0,0,0,0,0,0,0,0,0,0,15,0,0,0,0,0,0,0,0,0,0,0,0,1,1,0,1,0,0,1,0,0,1,0,0,18,1,0,0,0,0,0,0,1,0,0,0,0,32,0,0,0,0,0,0,4,0,0,1,0,0,0,1,0,0,1,0,69,0,0,0,0,0,149,69,"Taken from ""Confirmed and Probable Cases by County by Date"" downloadable file first released by the MDHHS cumulative coronavirus website on 2020-06-13  ",,,,,,,,,,,,,,,,,,,
,,2020-04-23,0,0,0,0,0,0,0,0,0,0,0,0,1,0,0,0,0,0,0,0,0,0,0,0,18,0,0,0,0,0,0,0,0,0,0,0,0,1,1,0,2,0,0,1,0,0,1,0,0,18,1,0,0,0,0,0,0,1,0,0,0,0,32,0,0,0,0,0,0,4,0,0,1,0,0,0,1,0,0,1,0,71,0,0,0,0,0,155,71,"Taken from ""Confirmed and Probable Cases by County by Date"" downloadable file first released by the MDHHS cumulative coronavirus website on 2020-06-13  ",,,,,,,,,,,,,,,,,,,
,,2020-04-24,0,0,0,0,0,0,0,0,0,0,0,0,1,0,0,0,0,0,0,0,0,0,0,0,18,0,0,0,0,0,0,0,0,0,0,0,0,1,1,0,3,0,0,1,0,0,1,0,0,19,1,0,0,0,0,0,0,1,0,0,0,0,32,0,0,0,0,0,0,4,0,0,1,0,0,0,1,0,0,1,0,71,0,0,0,0,0,157,71,"Taken from ""Confirmed and Probable Cases by County by Date"" downloadable file first released by the MDHHS cumulative coronavirus website on 2020-06-13  ",,,,,,,,,,,,,,,,,,,
,,2020-04-25,0,0,0,0,0,0,0,0,0,0,0,0,1,0,0,0,0,0,0,0,0,0,0,0,19,0,0,0,0,0,0,0,0,0,0,0,0,1,1,0,3,0,0,1,0,0,1,0,0,19,1,0,0,0,0,0,0,1,0,0,0,0,32,0,0,0,0,0,0,4,0,0,1,0,0,0,1,0,0,1,0,72,0,0,0,0,0,159,72,"Taken from ""Confirmed and Probable Cases by County by Date"" downloadable file first released by the MDHHS cumulative coronavirus website on 2020-06-13  ",,,,,,,,,,,,,,,,,,,
,,2020-04-26,0,0,0,0,0,0,0,0,0,0,0,0,1,0,0,0,0,0,0,0,0,0,0,0,19,0,0,0,0,0,0,0,0,0,0,0,0,1,1,0,3,0,0,1,0,0,1,0,0,19,1,0,0,0,0,0,0,1,0,0,0,0,33,0,0,0,0,0,0,4,0,0,2,1,0,0,1,0,0,1,0,74,0,0,0,0,0,164,74,"Taken from ""Confirmed and Probable Cases by County by Date"" downloadable file first released by the MDHHS cumulative coronavirus website on 2020-06-14",,,,,,,,,,,,,,,,,,,
,,2020-04-27,0,0,0,0,0,0,0,0,0,0,0,0,1,0,0,0,0,0,0,0,0,0,0,0,19,0,0,0,0,0,0,0,0,0,0,0,0,1,1,0,3,0,0,1,0,0,1,0,0,19,1,0,0,0,0,0,0,1,0,0,0,0,34,0,0,0,0,0,0,4,0,0,2,1,0,0,1,0,0,1,0,74,0,0,0,0,0,165,74,"Taken from ""Confirmed and Probable Cases by County by Date"" downloadable file first released by the MDHHS cumulative coronavirus website on 2020-06-15",,,,,,,,,,,,,,,,,,,
,,2020-04-28,0,0,0,0,0,0,0,0,1,0,0,0,1,0,0,0,0,0,0,0,0,0,0,0,22,0,0,0,0,0,0,0,0,0,0,0,0,1,1,0,3,0,0,1,0,0,1,0,0,19,1,0,0,0,0,0,0,1,0,0,0,0,35,0,0,0,0,0,0,4,0,0,2,1,0,0,1,0,0,1,0,75,0,0,0,0,0,171,75,"Taken from ""Confirmed and Probable Cases by County by Date"" downloadable file first released by the MDHHS cumulative coronavirus website on 2020-06-16",,,,,,,,,,,,,,,,,,,
,,2020-04-29,0,0,0,0,0,0,0,0,1,0,0,0,1,0,0,0,0,0,0,0,0,0,0,0,22,0,0,0,0,0,0,0,0,0,0,0,0,1,1,0,3,0,0,1,0,0,1,0,0,19,1,0,0,0,0,0,0,1,0,0,0,0,36,0,0,0,0,0,0,4,0,0,2,1,0,0,1,0,0,1,0,75,0,0,0,0,0,172,75,"Taken from ""Confirmed and Probable Cases by County by Date"" downloadable file first released by the MDHHS cumulative coronavirus website on 2020-06-17",,,,,,,,,,,,,,,,,,,
,,2020-04-30,0,0,0,0,0,0,0,0,1,0,0,0,1,0,0,0,0,0,0,0,0,0,0,0,23,0,0,0,0,0,0,0,0,0,0,0,0,1,1,0,3,0,0,1,0,0,1,0,0,19,1,0,0,0,0,0,0,1,0,0,0,0,38,0,0,0,0,0,0,4,0,0,2,1,0,0,1,0,0,1,0,76,0,0,0,0,0,176,76,"Taken from ""Confirmed and Probable Cases by County by Date"" downloadable file first released by the MDHHS cumulative coronavirus website on 2020-06-18",,,,,,,,,,,,,,,,,,,
,,2020-05-01,0,0,0,0,0,0,0,0,1,0,0,0,1,0,0,0,0,0,0,0,0,0,0,0,23,0,0,0,0,0,0,0,0,0,0,0,0,1,1,0,3,0,0,1,0,0,1,0,0,20,1,0,0,0,0,0,0,1,0,0,0,0,38,0,0,0,0,0,0,4,0,0,2,1,0,0,1,0,0,1,0,76,0,0,0,0,0,177,76,"Taken from ""Confirmed and Probable Cases by County by Date"" downloadable file first released by the MDHHS cumulative coronavirus website on 2020-06-19",,,,,,,,,,,,,,,,,,,
,,2020-05-02,0,0,0,0,0,0,0,0,1,0,0,0,1,0,0,0,0,0,0,0,0,0,0,0,23,0,0,0,0,0,0,0,0,0,0,0,0,1,1,0,3,0,0,1,0,0,1,0,0,20,1,0,0,0,0,0,0,1,0,0,0,0,38,0,0,0,0,0,0,4,0,0,2,1,0,0,1,0,0,1,0,76,0,0,0,0,0,177,76,"Taken from ""Confirmed and Probable Cases by County by Date"" downloadable file first released by the MDHHS cumulative coronavirus website on 2020-06-20",,,,,,,,,,,,,,,,,,,
,,2020-05-03,0,0,0,0,0,0,0,0,1,0,0,0,1,0,0,0,0,0,0,0,0,0,0,0,23,0,0,0,0,0,0,0,0,0,0,0,0,1,1,0,3,0,0,1,0,0,1,0,0,20,1,0,0,0,0,0,0,1,0,0,0,0,38,0,0,0,0,0,0,4,0,0,2,1,0,0,1,0,0,1,0,76,0,0,0,0,0,177,76,"Taken from ""Confirmed and Probable Cases by County by Date"" downloadable file first released by the MDHHS cumulative coronavirus website on 2020-06-21",,,,,,,,,,,,,,,,,,,
,,2020-05-04,0,0,0,0,0,0,0,0,1,0,0,0,1,0,0,0,0,0,0,0,0,0,0,0,23,0,0,0,0,0,0,0,0,0,0,0,0,1,1,0,3,0,0,1,0,0,1,0,0,21,1,0,0,0,0,0,0,1,0,0,0,0,38,0,0,0,0,0,0,4,0,0,2,1,0,0,1,0,0,1,0,76,0,0,0,0,0,178,76,"Taken from ""Confirmed and Probable Cases by County by Date"" downloadable file first released by the MDHHS cumulative coronavirus website on 2020-06-22",,,,,,,,,,,,,,,,,,,
,,2020-05-05,0,0,0,0,0,0,0,0,1,0,0,0,1,0,0,0,0,0,0,0,0,0,0,0,23,0,0,0,0,0,0,0,0,0,0,0,0,1,1,0,3,0,0,1,0,0,1,0,0,21,1,0,0,0,0,0,0,1,0,0,0,0,39,0,0,0,0,0,0,4,0,0,2,1,0,0,1,0,0,1,0,77,0,0,0,0,0,180,77,"Taken from ""Confirmed and Probable Cases by County by Date"" downloadable file first released by the MDHHS cumulative coronavirus website on 2020-06-23",,,,,,,,,,,,,,,,,,,
,,2020-05-06,0,0,0,0,0,0,0,0,1,0,0,0,1,0,0,0,0,0,0,0,0,0,0,0,23,0,0,0,0,0,0,0,0,0,0,0,0,1,1,0,3,0,0,1,0,0,1,0,0,21,1,0,0,0,0,0,0,1,0,0,0,0,39,0,0,0,0,0,0,4,0,0,2,1,0,0,1,0,0,1,0,77,0,0,0,0,0,180,77,"Taken from ""Confirmed and Probable Cases by County by Date"" downloadable file first released by the MDHHS cumulative coronavirus website on 2020-06-24",,,,,,,,,,,,,,,,,,,
,,2020-05-07,0,0,0,0,0,0,0,0,1,0,0,0,1,0,0,0,0,0,0,0,0,0,0,0,23,0,0,0,0,0,0,0,0,0,0,0,0,1,1,0,3,0,0,1,0,0,1,0,0,21,1,0,0,0,0,0,0,1,0,0,0,0,40,0,0,0,0,0,0,4,0,0,2,1,0,0,1,0,0,1,0,78,0,0,0,0,0,182,78,"Taken from ""Confirmed and Probable Cases by County by Date"" downloadable file first released by the MDHHS cumulative coronavirus website on 2020-06-25",,,,,,,,,,,,,,,,,,,
,,2020-05-08,0,0,0,0,0,0,0,0,1,0,0,0,1,0,0,0,0,0,0,0,0,0,0,0,23,0,0,0,0,0,0,0,0,0,0,0,0,1,1,0,3,0,0,1,0,0,1,0,0,23,1,0,0,0,0,0,0,1,0,0,0,0,40,0,0,0,0,0,0,4,0,0,2,1,0,1,1,0,0,1,0,79,0,0,0,0,0,186,79,"Taken from ""Confirmed and Probable Cases by County by Date"" downloadable file first released by the MDHHS cumulative coronavirus website on 2020-06-26",,,,,,,,,,,,,,,,,,,
,,2020-05-09,0,0,0,0,0,0,0,0,1,0,0,0,1,0,0,0,0,0,0,0,0,0,0,0,23,0,0,0,0,0,0,0,0,0,0,0,0,1,1,0,3,0,0,1,0,0,1,0,0,31,1,0,0,0,0,0,0,1,0,0,0,0,41,0,0,0,0,0,0,5,0,0,2,1,0,1,1,0,0,1,0,81,0,0,0,0,0,198,81,"Taken from ""Confirmed and Probable Cases by County by Date"" downloadable file first released by the MDHHS cumulative coronavirus website on 2020-06-27",,,,,,,,,,,,,,,,,,,
,,2020-05-10,0,0,0,0,0,0,0,0,1,0,0,0,1,0,0,0,0,0,0,0,0,0,0,0,23,0,0,0,0,0,0,0,0,0,0,0,0,1,1,0,3,0,0,1,0,0,1,0,0,31,1,0,0,0,0,0,0,1,0,0,0,0,41,0,0,0,0,0,0,5,0,0,2,1,0,1,1,0,0,1,0,82,0,0,0,0,0,199,82,"Taken from ""Confirmed and Probable Cases by County by Date"" downloadable file first released by the MDHHS cumulative coronavirus website on 2020-06-28",,,,,,,,,,,,,,,,,,,
,,2020-05-11,0,0,0,0,0,0,0,0,1,0,0,0,1,0,0,0,0,0,0,0,0,0,0,0,23,0,0,0,0,0,0,0,0,0,0,0,0,1,1,0,3,0,0,1,0,0,1,0,0,31,1,0,0,0,0,0,0,1,0,0,0,0,41,0,0,0,0,0,0,5,0,0,2,1,0,1,1,0,0,1,0,83,0,0,0,0,0,200,83,"Taken from ""Confirmed and Probable Cases by County by Date"" downloadable file first released by the MDHHS cumulative coronavirus website on 2020-06-29",,,,,,,,,,,,,,,,,,,
,,2020-05-12,0,0,0,0,0,0,0,0,1,0,0,0,1,0,0,0,0,0,0,0,0,0,0,0,23,0,0,0,0,0,0,0,0,0,0,0,0,1,1,0,3,0,0,1,0,0,1,0,0,32,1,0,0,0,0,0,0,1,0,0,0,0,41,0,0,0,0,0,0,5,0,0,2,1,0,1,1,0,0,1,0,84,0,0,0,0,0,202,84,"Taken from ""Confirmed and Probable Cases by County by Date"" downloadable file first released by the MDHHS cumulative coronavirus website on 2020-06-30",,,,,,,,,,,,,,,,,,,
,,2020-05-13,0,0,0,0,0,0,0,0,1,0,0,0,1,0,0,0,0,0,0,0,0,0,0,0,23,0,0,0,0,0,0,0,0,0,0,0,0,1,1,0,3,0,0,1,0,0,1,0,0,33,1,0,0,0,0,0,0,1,0,0,0,0,41,0,0,0,0,0,0,5,0,0,2,1,0,1,1,0,0,1,0,84,0,0,0,0,0,203,84,"Taken from ""Confirmed and Probable Cases by County by Date"" downloadable file first released by the MDHHS cumulative coronavirus website on 2020-06-31",,,,,,,,,,,,,,,,,,,
,,2020-05-14,0,0,0,0,0,0,0,0,1,0,0,0,1,0,0,0,0,0,0,0,0,0,0,0,23,0,0,0,0,0,0,0,0,0,0,0,0,1,1,0,3,0,0,1,0,0,1,0,0,33,1,0,0,0,0,0,0,1,0,0,0,0,41,0,0,0,0,0,0,5,0,0,2,1,0,1,1,0,0,1,0,84,0,0,0,0,0,203,84,"Taken from ""Confirmed and Probable Cases by County by Date"" downloadable file first released by the MDHHS cumulative coronavirus website on 2020-06-32",,,,,,,,,,,,,,,,,,,
,,2020-05-15,0,0,0,0,0,0,0,0,1,0,0,0,1,0,0,0,0,0,0,0,0,0,0,0,23,0,0,0,0,0,0,0,0,0,0,0,0,1,1,0,3,0,0,1,0,0,1,0,0,34,1,0,0,0,0,0,0,1,0,0,0,0,41,0,0,0,0,0,0,5,0,0,2,1,0,1,1,0,0,1,0,84,0,0,0,0,0,204,84,"Taken from ""Confirmed and Probable Cases by County by Date"" downloadable file first released by the MDHHS cumulative coronavirus website on 2020-06-33",,,,,,,,,,,,,,,,,,,
,,2020-05-16,0,0,0,0,0,0,0,0,1,0,0,0,1,0,0,0,0,0,0,0,0,0,0,0,23,0,0,0,0,0,0,0,0,0,0,0,0,1,1,0,3,0,0,1,0,0,1,0,0,34,1,0,0,0,0,0,0,1,0,0,0,0,41,0,0,0,0,0,0,5,0,0,2,1,0,1,1,0,0,1,0,84,0,0,0,0,0,204,84,"Taken from ""Confirmed and Probable Cases by County by Date"" downloadable file first released by the MDHHS cumulative coronavirus website on 2020-06-34",,,,,,,,,,,,,,,,,,,
,,2020-05-17,0,0,0,0,0,0,0,0,1,0,0,0,1,0,0,0,0,0,0,0,0,0,0,0,23,0,0,0,0,0,0,0,0,0,0,0,0,1,1,0,3,0,0,1,0,0,1,0,0,34,1,0,0,0,0,0,0,1,0,0,0,0,41,0,0,0,0,0,0,5,0,0,2,1,0,1,1,0,0,1,0,84,0,0,0,0,0,204,84,"Taken from ""Confirmed and Probable Cases by County by Date"" downloadable file first released by the MDHHS cumulative coronavirus website on 2020-06-35",,,,,,,,,,,,,,,,,,,
,,2020-05-18,0,0,0,0,0,0,0,0,1,0,0,0,1,0,0,0,0,0,0,0,0,0,0,0,23,0,0,0,0,0,0,0,0,0,0,0,0,1,1,0,3,0,0,1,0,0,1,0,0,34,1,0,0,0,0,0,0,1,0,0,0,0,41,0,0,0,0,0,0,5,0,0,2,1,0,1,1,0,0,1,0,84,0,0,0,0,0,204,84,"Taken from ""Confirmed and Probable Cases by County by Date"" downloadable file first released by the MDHHS cumulative coronavirus website on 2020-06-36",,,,,,,,,,,,,,,,,,,
,,2020-05-19,0,0,0,0,0,0,0,0,1,0,0,0,1,0,0,0,0,0,0,0,0,0,0,0,23,0,0,0,0,0,0,0,0,0,0,0,0,1,1,0,3,0,0,1,0,0,1,0,0,34,1,0,0,0,0,0,0,1,0,0,0,0,41,0,0,0,0,0,0,5,0,0,2,1,0,1,1,0,0,1,0,84,0,0,0,0,0,204,84,"Taken from ""Confirmed and Probable Cases by County by Date"" downloadable file first released by the MDHHS cumulative coronavirus website on 2020-06-37",,,,,,,,,,,,,,,,,,,
,,2020-05-20,0,0,0,0,0,0,0,0,1,0,0,0,1,0,0,0,0,0,0,0,0,0,0,0,23,0,0,0,0,0,0,0,0,0,0,0,0,1,1,0,3,0,0,1,0,0,1,0,0,35,1,0,0,0,0,0,0,1,0,0,0,0,41,0,0,0,0,0,0,5,0,0,3,1,0,1,1,0,0,1,0,84,0,0,0,0,0,206,84,"Taken from ""Confirmed and Probable Cases by County by Date"" downloadable file first released by the MDHHS cumulative coronavirus website on 2020-06-38",,,,,,,,,,,,,,,,,,,
,,2020-05-21,0,0,0,0,0,0,0,0,1,0,0,0,1,0,0,0,0,0,0,0,0,0,0,0,24,0,0,0,0,0,0,0,0,0,0,0,0,1,1,0,3,0,0,1,0,0,1,0,0,35,1,0,0,0,0,0,0,1,0,0,0,0,41,0,0,0,0,0,0,5,0,0,3,1,0,1,1,0,0,1,0,84,0,0,0,0,0,207,84,"Taken from ""Confirmed and Probable Cases by County by Date"" downloadable file first released by the MDHHS cumulative coronavirus website on 2020-06-39",,,,,,,,,,,,,,,,,,,
,,2020-05-22,0,0,0,0,0,0,0,0,1,0,0,0,1,0,0,0,0,0,0,0,0,0,0,0,24,0,0,0,0,0,0,0,0,0,0,0,0,1,1,0,3,0,0,1,0,0,1,0,0,35,1,0,0,0,0,0,0,1,0,0,0,0,41,0,0,0,0,0,0,5,0,0,3,1,0,1,1,0,0,1,0,84,0,0,0,0,0,207,84,"Taken from ""Confirmed and Probable Cases by County by Date"" downloadable file first released by the MDHHS cumulative coronavirus website on 2020-06-40",,,,,,,,,,,,,,,,,,,
,,2020-05-23,0,0,0,0,0,0,0,0,1,0,0,0,1,0,0,0,0,0,0,0,0,0,0,0,24,0,0,0,0,0,0,0,0,0,0,0,0,1,1,0,3,0,0,1,0,0,1,0,0,35,1,0,0,0,0,0,0,1,0,0,0,0,41,0,0,0,0,0,0,5,0,0,3,1,0,1,1,0,0,1,0,84,0,0,0,0,0,207,84,"Taken from ""Confirmed and Probable Cases by County by Date"" downloadable file first released by the MDHHS cumulative coronavirus website on 2020-06-41",,,,,,,,,,,,,,,,,,,
,,2020-05-24,0,0,0,0,0,0,0,0,1,0,0,0,1,0,0,0,0,0,0,0,0,0,0,0,24,0,0,0,0,0,0,0,0,0,0,0,0,1,1,0,3,0,0,1,0,0,1,0,0,35,1,0,0,0,0,0,0,1,0,0,0,0,41,0,0,0,0,0,0,5,0,0,3,1,0,1,1,0,0,1,0,84,0,0,0,0,0,207,84,"Taken from ""Confirmed and Probable Cases by County by Date"" downloadable file first released by the MDHHS cumulative coronavirus website on 2020-06-42",,,,,,,,,,,,,,,,,,,
,,2020-05-25,0,0,0,0,0,0,0,0,1,0,0,0,1,0,0,0,0,0,0,0,0,0,0,0,24,0,0,0,0,0,0,0,0,0,0,0,0,1,1,0,3,0,0,1,0,0,1,0,0,35,1,0,0,0,0,0,0,1,0,0,0,0,41,0,0,0,0,0,0,5,0,0,3,1,0,1,1,0,0,1,0,84,0,0,0,0,0,207,84,"Taken from ""Confirmed and Probable Cases by County by Date"" downloadable file first released by the MDHHS cumulative coronavirus website on 2020-06-43",,,,,,,,,,,,,,,,,,,
,,2020-05-26,0,0,0,0,0,0,0,0,1,0,0,0,1,0,0,0,0,0,0,0,0,0,0,0,25,0,0,0,0,0,0,0,0,0,0,0,0,1,1,0,3,0,0,1,0,0,1,0,0,36,1,0,0,0,0,0,0,1,0,0,0,0,41,0,0,0,0,0,0,5,0,0,3,1,0,1,1,0,0,1,0,84,0,0,0,0,0,209,84,"Taken from ""Confirmed and Probable Cases by County by Date"" downloadable file first released by the MDHHS cumulative coronavirus website on 2020-06-44",,,,,,,,,,,,,,,,,,,
,,2020-05-27,0,0,0,0,0,0,0,0,1,0,0,0,1,0,0,0,0,0,0,0,0,0,0,0,25,0,0,0,0,0,0,0,0,0,0,0,0,1,1,0,3,0,0,1,0,0,1,0,0,36,1,0,0,0,0,0,0,1,0,0,0,0,41,0,0,0,0,0,0,5,0,0,3,1,0,1,1,0,0,1,0,84,0,0,0,0,0,209,84,"Taken from ""Confirmed and Probable Cases by County by Date"" downloadable file first released by the MDHHS cumulative coronavirus website on 2020-06-45",,,,,,,,,,,,,,,,,,,
,,2020-05-28,0,0,0,0,0,0,0,0,1,0,0,0,1,0,0,0,0,0,0,0,0,0,0,0,25,0,0,0,0,0,0,0,0,0,0,0,0,1,1,0,3,0,0,1,0,0,1,0,0,36,1,0,0,0,0,0,0,1,0,0,0,0,41,0,0,0,0,0,0,5,0,0,3,1,0,1,1,0,0,1,0,84,0,0,0,0,0,209,84,"Taken from ""Confirmed and Probable Cases by County by Date"" downloadable file first released by the MDHHS cumulative coronavirus website on 2020-06-46",,,,,,,,,,,,,,,,,,,
,,2020-05-29,0,0,0,0,0,0,0,0,1,0,0,0,1,0,0,0,0,0,0,0,0,0,0,0,25,0,0,0,0,0,0,0,0,0,0,0,0,1,1,0,3,0,0,1,0,0,1,0,0,36,1,0,0,0,0,0,0,1,0,0,0,0,41,0,0,0,0,0,0,5,0,0,3,1,0,1,1,0,0,1,0,84,0,0,0,0,0,209,84,"Taken from ""Confirmed and Probable Cases by County by Date"" downloadable file first released by the MDHHS cumulative coronavirus website on 2020-06-47",,,,,,,,,,,,,,,,,,,
,,2020-05-30,0,0,0,0,0,0,0,0,1,0,0,0,1,0,0,0,0,0,0,0,0,0,0,0,25,0,0,0,0,0,0,0,0,0,0,0,0,1,1,0,3,0,0,1,0,0,1,0,0,36,1,0,0,0,0,0,0,1,0,0,0,0,41,0,0,0,0,0,0,5,0,0,3,1,0,1,1,0,0,1,0,84,0,0,0,0,0,209,84,"Taken from ""Confirmed and Probable Cases by County by Date"" downloadable file first released by the MDHHS cumulative coronavirus website on 2020-06-48",,,,,,,,,,,,,,,,,,,
,,2020-05-31,0,0,0,0,0,0,0,0,1,0,0,0,1,0,0,0,0,0,0,0,0,0,0,0,25,0,0,0,0,0,0,0,0,0,0,0,0,1,1,0,3,0,0,1,0,0,1,0,0,36,1,0,0,0,0,0,0,1,0,0,0,0,41,0,0,0,0,0,0,5,0,0,3,1,0,1,1,0,0,1,0,84,0,0,0,0,0,209,84,"Taken from ""Confirmed and Probable Cases by County by Date"" downloadable file first released by the MDHHS cumulative coronavirus website on 2020-06-49",,,,,,,,,,,,,,,,,,,
,,2020-06-01,0,0,0,0,0,0,0,0,1,0,0,0,1,0,0,0,0,0,0,0,0,0,0,0,25,0,0,0,0,0,0,0,0,0,0,0,0,1,1,0,3,0,0,1,0,0,1,0,0,37,1,0,0,0,0,0,0,1,0,0,0,0,41,0,0,0,0,0,0,5,0,0,3,1,0,1,1,0,0,1,0,84,0,0,0,0,0,210,84,"Taken from ""Confirmed and Probable Cases by County by Date"" downloadable file first released by the MDHHS cumulative coronavirus website on 2020-06-50",,,,,,,,,,,,,,,,,,,
,,2020-06-02,0,0,0,0,0,0,0,0,1,0,0,0,1,0,0,0,0,0,0,0,0,0,0,0,25,0,0,0,0,0,0,0,0,0,0,0,0,1,1,0,3,0,0,1,0,0,1,0,0,37,1,0,0,0,0,0,0,1,0,0,0,0,41,0,0,0,0,0,0,5,0,0,3,1,0,1,1,0,0,1,0,84,0,0,0,0,0,210,84,"Taken from ""Confirmed and Probable Cases by County by Date"" downloadable file first released by the MDHHS cumulative coronavirus website on 2020-06-51",,,,,,,,,,,,,,,,,,,
,,2020-06-03,0,0,0,0,0,0,0,0,1,0,0,0,1,0,0,0,0,0,0,0,0,0,0,0,25,0,0,0,0,0,0,0,0,0,0,0,0,1,1,0,3,0,0,1,0,0,1,0,0,37,1,0,0,0,0,0,0,1,0,0,0,0,41,0,0,0,0,0,0,5,0,0,3,1,0,1,1,0,0,,0,84,0,0,0,0,0,209,84,"Taken from ""Confirmed and Probable Cases by County by Date"" downloadable file first released by the MDHHS cumulative coronavirus website on 2020-06-52",,,,,,,,,,,,,,,,,,,
,,2020-06-04,0,0,0,0,0,0,0,0,1,0,0,0,1,0,0,0,0,0,0,0,0,0,0,0,25,0,0,0,0,0,0,0,0,0,1,0,0,1,1,0,3,0,0,1,0,0,1,0,0,37,1,0,0,0,0,0,0,1,0,0,0,0,41,0,0,0,0,0,0,5,0,0,3,1,0,1,1,0,0,,0,84,0,0,0,0,0,210,84,"Taken from ""Confirmed and Probable Cases by County by Date"" downloadable file first released by the MDHHS cumulative coronavirus website on 2020-06-53",,,,,,,,,,,,,,,,,,,
2020-06-05 17:26,"https://web.archive.org/web/20200605212643/https://www.michigan.gov/coronavirus/0,9753,7-406-98163_98173---,00.html",2020-06-05,0,0,0,0,0,0,0,0,1,0,0,0,1,0,0,0,0,0,0,0,0,0,0,0,25,0,0,0,0,0,0,0,0,0,1,0,0,1,1,0,1,0,0,1,0,0,1,0,0,37,1,0,0,0,0,0,0,1,0,0,0,0,41,0,0,0,0,0,0,5,0,0,3,1,0,1,1,0,0,1,0,114,0,0,0,0,0,239,84,"This report is provisional and subject to change. City of Detroit and Wayne County are reported separately. MDHHS began tracking probable cases April 5, 2020. FCI indicates federal correctional institute. MDOC indicates Michigan Department of Corrections. Diagnostic tests, including nucleic acid amplification/real-time polymerase chain reaction (NAAT/RT-PCR) and rapid virus antigen detection point of care (POC) tests, look for current infection. Serology (antibody) tests are used to look for the possibility of previous infection.
Source: Michigan Disease Surveillance System (MDSS) and Vital Records",,,,,,,,,,,,,,,,,,,
2020-06-06 19:22,"https://web.archive.org/web/20200606232240/https://www.michigan.gov/coronavirus/0,9753,7-406-98163_98173---,00.html",2020-06-06,0,0,0,0,0,0,0,0,1,0,0,0,1,0,0,0,0,0,0,0,0,0,0,0,25,0,0,0,0,0,0,0,0,0,1,0,0,1,1,0,1,0,0,1,0,0,1,0,0,37,1,0,0,0,0,0,0,1,0,0,0,0,41,0,0,0,0,0,0,5,0,0,3,1,0,1,1,0,0,1,0,114,0,0,0,0,0,239,83,"This report is provisional and subject to change. City of Detroit and Wayne County are reported separately. MDHHS began tracking probable cases April 5, 2020. FCI indicates federal correctional institute. MDOC indicates Michigan Department of Corrections. Diagnostic tests, including nucleic acid amplification/real-time polymerase chain reaction (NAAT/RT-PCR) and rapid virus antigen detection point of care (POC) tests, look for current infection. Serology (antibody) tests are used to look for the possibility of previous infection.
Source: Michigan Disease Surveillance System (MDSS) and Vital Records",,,,,,,,,,,,,,,,,,,
2020-06-07 20:07,"https://web.archive.org/web/20200608000738/https://www.michigan.gov/coronavirus/0,9753,7-406-98163_98173---,00.html",2020-06-07,0,0,0,0,0,0,0,0,1,0,0,0,1,0,0,0,0,0,0,0,0,0,0,0,25,0,0,0,0,0,0,0,0,0,1,0,0,1,1,0,1,0,0,1,0,0,1,0,0,37,1,0,0,0,0,0,0,1,0,0,0,0,41,0,0,0,0,0,0,5,0,0,3,1,0,1,1,0,0,1,0,114,0,0,0,0,0,239,83,"This report is provisional and subject to change. City of Detroit and Wayne County are reported separately. MDHHS began tracking probable cases April 5, 2020. FCI indicates federal correctional institute. MDOC indicates Michigan Department of Corrections. Diagnostic tests, including nucleic acid amplification/real-time polymerase chain reaction (NAAT/RT-PCR) and rapid virus antigen detection point of care (POC) tests, look for current infection. Serology (antibody) tests are used to look for the possibility of previous infection.
Source: Michigan Disease Surveillance System (MDSS) and Vital Records",110,129,,,1,2,15,20,49,55,97,,1,,97,128,4,5,4
2020-06-08 18:16,"https://web.archive.org/web/20200608221658/https://www.michigan.gov/coronavirus/0,9753,7-406-98163_98173---,00.html",2020-06-08,0,0,0,0,0,0,0,0,1,0,0,0,1,0,0,0,0,0,0,0,0,0,0,0,25,0,0,0,0,0,0,0,0,0,1,0,0,1,1,0,1,0,0,1,0,0,1,0,0,37,1,0,0,0,0,0,0,1,0,0,0,0,41,0,0,0,0,0,0,5,0,0,3,1,0,1,1,0,0,1,0,114,0,0,0,0,0,239,83,"This report is provisional and subject to change. City of Detroit and Wayne County are reported separately. MDHHS began tracking probable cases April 5, 2020. FCI indicates federal correctional institute. MDOC indicates Michigan Department of Corrections. Diagnostic tests, including nucleic acid amplification/real-time polymerase chain reaction (NAAT/RT-PCR) and rapid virus antigen detection point of care (POC) tests, look for current infection. Serology (antibody) tests are used to look for the possibility of previous infection.
Source: Michigan Disease Surveillance System (MDSS) and Vital Records",110,129,0,0,1,2,15,20,49,55,97,0,1,0,97,128,4,5,4
2020-06-09 15:47,"https://web.archive.org/web/20200609194746/https://www.michigan.gov/coronavirus/0,9753,7-406-98163_98173---,00.html",2020-06-09,0,0,0,0,0,0,0,0,1,0,0,0,1,0,0,0,0,0,0,0,0,0,0,0,25,0,0,0,0,0,0,0,0,0,1,0,0,1,1,0,1,0,0,1,0,0,1,0,0,38,1,0,0,0,0,0,0,1,0,0,0,0,41,0,0,0,0,0,0,5,0,0,3,1,0,1,1,0,0,1,0,119,0,0,0,0,0,245,84,"This report is provisional and subject to change. City of Detroit and Wayne County are reported separately. MDHHS began tracking probable cases April 5, 2020. FCI indicates federal correctional institute. MDOC indicates Michigan Department of Corrections. Diagnostic tests, including nucleic acid amplification/real-time polymerase chain reaction (NAAT/RT-PCR) and rapid virus antigen detection point of care (POC) tests, look for current infection. Serology (antibody) tests are used to look for the possibility of previous infection.
Source: Michigan Disease Surveillance System (MDSS) and Vital Records",112,133,0,0,1,3,15,21,50,56,99,0,1,0,98,129,4,5,8
2020-06-10 19:24,"https://web.archive.org/web/20200610232425/https://www.michigan.gov/coronavirus/0,9753,7-406-98163_98173---,00.html",2020-06-10,0,0,0,0,0,0,0,0,1,0,0,0,1,0,0,0,0,0,0,0,0,0,0,0,25,0,0,0,0,0,0,0,0,0,1,0,0,1,1,0,1,0,0,1,0,0,1,0,0,38,1,0,0,0,0,0,0,1,0,0,0,0,41,0,0,0,0,0,0,5,0,0,3,1,0,1,1,0,0,1,0,118,0,0,0,0,0,244,84,"This report is provisional and subject to change. City of Detroit and Wayne County are reported separately. MDHHS began tracking probable cases April 5, 2020. FCI indicates federal correctional institute. MDOC indicates Michigan Department of Corrections. Diagnostic tests, including nucleic acid amplification/real-time polymerase chain reaction (NAAT/RT-PCR) and rapid virus antigen detection point of care (POC) tests, look for current infection. Serology (antibody) tests are used to look for the possibility of previous infection.
Source: Michigan Disease Surveillance System (MDSS) and Vital Records",111,133,0,0,1,3,15,21,50,56,98,0,1,0,97,129,4,5,8
2020-06-11 15:38,"https://web.archive.org/web/20200611193817/https://www.michigan.gov/coronavirus/0,9753,7-406-98163_98173---,00.html",2020-06-11,0,0,0,1,0,0,0,0,1,0,0,0,1,0,0,0,0,0,0,0,0,0,0,0,25,0,0,0,0,0,0,0,0,0,1,0,0,1,1,0,1,0,0,1,0,0,1,0,0,37,1,0,0,0,0,0,0,1,0,0,0,0,41,0,0,0,0,0,0,5,0,0,3,1,0,1,1,0,0,1,0,121,0,0,0,0,0,247,87,"This report is provisional and subject to change. City of Detroit and Wayne County are reported separately. MDHHS began tracking probable cases April 5, 2020. FCI indicates federal correctional institute. MDOC indicates Michigan Department of Corrections. Diagnostic tests, including nucleic acid amplification/real-time polymerase chain reaction (NAAT/RT-PCR) and rapid virus antigen detection point of care (POC) tests, look for current infection. Serology (antibody) tests are used to look for the possibility of previous infection.
Source: Michigan Disease Surveillance System (MDSS) and Vital Records",113,134,0,0,1,3,16,21,51,56,99,0,1,0,100,129,4,5,8
2020-06-12 15:38,"https://web.archive.org/web/20200612233845/https://www.michigan.gov/coronavirus/0,9753,7-406-98163_98173---,00.html",2020-06-12,0,0,0,1,0,0,0,0,1,0,0,0,1,0,0,0,0,0,0,0,0,0,0,0,25,0,0,0,0,0,0,0,0,0,1,0,0,1,1,0,3,0,0,1,0,0,1,0,0,37,1,0,0,0,0,0,0,1,0,0,0,0,41,0,0,0,0,0,0,5,0,0,3,1,0,1,1,0,0,1,0,117,0,0,0,0,0,245,84,"This report is provisional and subject to change. City of Detroit and Wayne County are reported separately. MDHHS began tracking probable cases April 5, 2020. FCI indicates federal correctional institute. MDOC indicates Michigan Department of Corrections. Diagnostic tests, including nucleic acid amplification/real-time polymerase chain reaction (NAAT/RT-PCR) and rapid virus antigen detection point of care (POC) tests, look for current infection. Serology (antibody) tests are used to look for the possibility of previous infection.
Source: Michigan Disease Surveillance System (MDSS) and Vital Records",115,130,0,0,1,3,16,21,51,53,100,0,1,0,97,130,4,4,9
2020-06-13 15:32,"https://web.archive.org/web/20200613193251/https://www.michigan.gov/coronavirus/0,9753,7-406-98163_98173---,00.html",2020-06-13,0,0,0,0,0,0,0,0,1,0,0,0,1,0,0,0,0,0,0,0,0,0,0,0,25,0,0,0,0,0,0,0,0,0,1,0,0,1,1,0,3,0,0,1,0,0,1,0,0,37,1,0,0,0,0,0,0,1,0,0,0,0,41,0,0,0,0,0,0,5,0,0,3,1,0,1,1,0,0,1,0,118,0,0,0,0,0,245,84,"This report is provisional and subject to change. City of Detroit and Wayne County are reported separately. MDHHS began tracking probable cases April 5, 2020. FCI indicates federal correctional institute. MDOC indicates Michigan Department of Corrections. Diagnostic tests, including nucleic acid amplification/real-time polymerase chain reaction (NAAT/RT-PCR) and rapid virus antigen detection point of care (POC) tests, look for current infection. Serology (antibody) tests are used to look for the possibility of previous infection.
Source: Michigan Disease Surveillance System (MDSS) and Vital Records",114,131,0,0,1,3,16,21,52,53,99,0,1,0,98,129,4,4,9
2020-06-14 19:23,"https://web.archive.org/web/20200614232342/https://www.michigan.gov/coronavirus/0,9753,7-406-98163_98173---,00.html",2020-06-14,0,0,0,0,0,0,0,0,1,0,0,0,1,0,0,0,0,0,0,0,0,0,0,0,25,0,0,0,0,0,0,0,0,0,1,0,0,1,1,0,3,0,0,1,0,0,1,0,0,37,1,0,0,0,0,0,0,1,0,0,0,0,41,0,0,0,0,0,0,5,0,0,3,1,0,1,1,0,0,1,0,118,0,0,0,0,0,245,84,"This report is provisional and subject to change. City of Detroit and Wayne County are reported separately. MDHHS began tracking probable cases April 5, 2020. FCI indicates federal correctional institute. MDOC indicates Michigan Department of Corrections. Diagnostic tests, including nucleic acid amplification/real-time polymerase chain reaction (NAAT/RT-PCR) and rapid virus antigen detection point of care (POC) tests, look for current infection. Serology (antibody) tests are used to look for the possibility of previous infection.
Source: Michigan Disease Surveillance System (MDSS) and Vital Records",114,131,0,0,1,3,16,21,52,53,99,0,1,0,98,129,4,4,9
2020-06-15 19:13,"https://web.archive.org/web/20200615231309/https://www.michigan.gov/coronavirus/0,9753,7-406-98163_98173---,00.html",2020-06-15,0,0,0,0,0,0,0,0,1,0,0,0,1,0,0,0,0,0,0,0,0,0,0,0,25,0,0,0,0,0,0,0,0,0,1,0,0,1,1,0,3,0,0,1,0,0,1,0,0,37,1,0,0,0,0,0,0,1,0,0,0,0,41,0,0,0,0,0,0,5,0,0,3,1,0,1,1,0,0,1,0,118,0,0,0,0,0,245,84,"This report is provisional and subject to change. City of Detroit and Wayne County are reported separately. MDHHS began tracking probable cases April 5, 2020. FCI indicates federal correctional institute. MDOC indicates Michigan Department of Corrections. Diagnostic tests, including nucleic acid amplification/real-time polymerase chain reaction (NAAT/RT-PCR) and rapid virus antigen detection point of care (POC) tests, look for current infection. Serology (antibody) tests are used to look for the possibility of previous infection.
Source: Michigan Disease Surveillance System (MDSS) and Vital Records",114,131,0,0,1,3,16,21,52,53,99,0,1,0,98,129,4,4,9
2020-06-16 15:55,"https://web.archive.org/web/20200616205507/https://www.michigan.gov/coronavirus/0,9753,7-406-98163_98173---,00.html",2020-06-16,0,0,0,0,0,0,0,0,1,0,0,0,1,0,0,0,0,0,0,0,0,0,0,0,25,0,0,0,0,0,0,0,0,0,1,0,0,1,1,0,3,0,0,1,0,0,1,0,0,37,1,0,0,0,0,0,0,1,0,0,0,0,41,0,0,0,0,0,0,5,0,0,3,1,0,1,1,0,0,1,0,117,0,0,0,0,0,244,84,"This report is provisional and subject to change. City of Detroit and Wayne County are reported separately. MDHHS began tracking probable cases April 5, 2020. FCI indicates federal correctional institute. MDOC indicates Michigan Department of Corrections. Diagnostic tests, including nucleic acid amplification/real-time polymerase chain reaction (NAAT/RT-PCR) and rapid virus antigen detection point of care (POC) tests, look for current infection. Serology (antibody) tests are used to look for the possibility of previous infection.
Source: Michigan Disease Surveillance System (MDSS) and Vital Records",114,130,0,0,1,3,16,21,51,53,99,0,1,0,97,129,4,4,9
2020-06-17 15:09,"https://web.archive.org/web/20200617190958/https://www.michigan.gov/coronavirus/0,9753,7-406-98163_98173---,00.html",2020-06-17,0,0,0,0,0,0,0,0,1,0,0,0,1,0,0,0,0,0,0,0,0,0,0,0,25,0,0,0,0,0,0,0,0,0,1,0,0,1,1,0,3,0,0,1,0,0,1,0,0,37,1,0,0,0,0,0,0,1,0,0,0,0,41,0,0,0,0,0,0,5,0,0,3,1,0,1,1,0,0,1,0,117,0,0,0,0,0,244,84,"This report is provisional and subject to change. City of Detroit and Wayne County are reported separately. MDHHS began tracking probable cases April 5, 2020. FCI indicates federal correctional institute. MDOC indicates Michigan Department of Corrections. Diagnostic tests, including nucleic acid amplification/real-time polymerase chain reaction (NAAT/RT-PCR) and rapid virus antigen detection point of care (POC) tests, look for current infection. Serology (antibody) tests are used to look for the possibility of previous infection.
Source: Michigan Disease Surveillance System (MDSS) and Vital Records",114,130,0,0,1,3,16,21,51,53,99,0,1,0,97,129,4,4,9
2020-06-18 15:30,"https://web.archive.org/web/20200618193026/https://www.michigan.gov/coronavirus/0,9753,7-406-98163_98173---,00.html",2020-06-18,0,0,0,0,0,0,0,0,1,0,0,0,1,0,0,0,0,0,0,0,0,0,0,0,25,0,0,0,0,0,0,0,0,0,1,0,0,1,1,0,3,0,0,1,0,0,1,0,0,37,0,0,0,0,0,0,0,1,0,0,0,0,41,0,0,0,0,0,0,5,0,0,3,1,0,1,1,0,0,1,0,117,0,0,0,0,0,243,84,"This report is provisional and subject to change. City of Detroit and Wayne County are reported separately. MDHHS began tracking probable cases April 5, 2020. FCI indicates federal correctional institute. MDOC indicates Michigan Department of Corrections. Diagnostic tests, including nucleic acid amplification/real-time polymerase chain reaction (NAAT/RT-PCR) and rapid virus antigen detection point of care (POC) tests, look for current infection. Serology (antibody) tests are used to look for the possibility of previous infection.
Source: Michigan Disease Surveillance System (MDSS) and Vital Records",113,130,0,0,1,3,16,21,51,53,98,0,1,0,97,128,4,4,9
2020-06-19 15:28,"https://web.archive.org/web/20200619192828/https://www.michigan.gov/coronavirus/0,9753,7-406-98163_98173---,00.html",2020-06-19,0,0,0,0,0,0,0,0,1,0,0,0,1,0,0,0,0,0,0,0,0,0,0,0,25,0,0,0,0,0,0,0,0,0,1,0,0,1,1,0,3,0,0,1,0,0,1,0,0,37,0,0,0,0,0,0,0,1,0,0,0,0,41,0,0,0,0,0,0,5,0,0,3,1,0,1,1,0,0,1,0,118,0,0,0,0,0,244,84,"This report is provisional and subject to change. City of Detroit and Wayne County are reported separately. MDHHS began tracking probable cases April 5, 2020. FCI indicates federal correctional institute. MDOC indicates Michigan Department of Corrections. Diagnostic tests, including nucleic acid amplification/real-time polymerase chain reaction (NAAT/RT-PCR) and rapid virus antigen detection point of care (POC) tests, look for current infection. Serology (antibody) tests are used to look for the possibility of previous infection.
Source: Michigan Disease Surveillance System (MDSS) and Vital Records",113,131,0,0,1,3,16,21,51,53,99,0,1,0,97,129,4,4,9
2020-06-20 18:12,"https://web.archive.org/web/20200620221226/https://www.michigan.gov/coronavirus/0,9753,7-406-98163_98173---,00.html",2020-06-20,0,0,0,0,0,0,0,0,1,0,0,0,1,0,0,0,0,0,0,0,0,0,0,0,25,0,0,0,0,0,0,0,0,0,1,0,0,1,1,0,3,0,0,1,0,0,1,0,0,37,0,0,0,0,0,0,0,1,0,0,0,0,41,0,0,0,0,0,0,5,0,0,3,1,0,1,1,0,0,1,0,118,0,0,0,0,0,244,84,"This report is provisional and subject to change. City of Detroit and Wayne County are reported separately. MDHHS began tracking probable cases April 5, 2020. FCI indicates federal correctional institute. MDOC indicates Michigan Department of Corrections. Diagnostic tests, including nucleic acid amplification/real-time polymerase chain reaction (NAAT/RT-PCR) and rapid virus antigen detection point of care (POC) tests, look for current infection. Serology (antibody) tests are used to look for the possibility of previous infection.
Source: Michigan Disease Surveillance System (MDSS) and Vital Records",113,131,0,0,1,3,16,21,51,53,99,0,1,0,97,129,4,4,9
2020-06-22 10:24,"https://web.archive.org/web/20200622142404/https://www.michigan.gov/coronavirus/0,9753,7-406-98163_98173---,00.html",2020-06-21,0,0,0,0,0,0,0,0,1,0,0,0,1,0,0,0,0,0,0,0,0,0,0,0,25,0,0,0,0,0,0,0,0,0,1,0,0,1,1,0,3,0,0,1,0,0,1,0,0,37,0,0,0,0,0,0,0,1,0,0,0,0,41,0,0,0,0,0,0,5,0,0,3,1,0,1,1,0,0,1,0,118,0,0,0,0,0,244,84,"This report is provisional and subject to change. City of Detroit and Wayne County are reported separately. MDHHS began tracking probable cases April 5, 2020. FCI indicates federal correctional institute. MDOC indicates Michigan Department of Corrections. Diagnostic tests, including nucleic acid amplification/real-time polymerase chain reaction (NAAT/RT-PCR) and rapid virus antigen detection point of care (POC) tests, look for current infection. Serology (antibody) tests are used to look for the possibility of previous infection.
Source: Michigan Disease Surveillance System (MDSS) and Vital Records",131,131,0,0,1,3,16,21,51,53,99,0,1,0,97,129,4,4,9
2020-06-22 17:51,"https://web.archive.org/web/20200622215131/https://www.michigan.gov/coronavirus/0,9753,7-406-98163_98173---,00.html",2020-06-22,0,0,0,0,0,0,0,0,1,0,0,0,1,0,0,0,0,0,0,0,0,0,0,0,25,0,0,0,0,0,0,0,0,0,1,0,0,1,1,0,3,0,0,1,0,0,1,0,0,37,0,0,0,0,0,0,0,1,0,0,0,0,41,0,0,0,0,0,0,5,0,0,3,1,0,1,1,0,0,1,0,118,0,0,0,0,0,244,84,"This report is provisional and subject to change. City of Detroit and Wayne County are reported separately. MDHHS began tracking probable cases April 5, 2020. FCI indicates federal correctional institute. MDOC indicates Michigan Department of Corrections. Diagnostic tests, including nucleic acid amplification/real-time polymerase chain reaction (NAAT/RT-PCR) and rapid virus antigen detection point of care (POC) tests, look for current infection. Serology (antibody) tests are used to look for the possibility of previous infection.
Source: Michigan Disease Surveillance System (MDSS) and Vital Records",113,131,0,0,1,3,16,21,51,53,99,0,1,0,97,129,4,4,9
2020-06-23 20:57,"https://web.archive.org/web/20200624005737/https://www.michigan.gov/coronavirus/0,9753,7-406-98163_98173---,00.html",2020-06-23,0,0,0,0,0,0,0,0,1,0,0,0,1,0,0,0,0,0,0,0,0,0,0,0,25,0,0,0,0,0,0,0,0,0,1,0,0,1,1,0,3,0,0,1,0,0,1,0,0,37,1,0,0,0,0,0,0,1,0,0,0,0,41,0,0,0,0,0,0,5,0,0,3,1,0,1,1,0,0,1,0,118,0,0,0,0,0,245,84,"This report is provisional and subject to change. City of Detroit and Wayne County are reported separately. MDHHS began tracking probable cases April 5, 2020. FCI indicates federal correctional institute. MDOC indicates Michigan Department of Corrections. Diagnostic tests, including nucleic acid amplification/real-time polymerase chain reaction (NAAT/RT-PCR) and rapid virus antigen detection point of care (POC) tests, look for current infection. Serology (antibody) tests are used to look for the possibility of previous infection.
Source: Michigan Disease Surveillance System (MDSS) and Vital Records",114,131,0,0,1,3,16,21,51,53,100,0,1,0,97,130,4,4,9
2020-06-24 22:55,"https://web.archive.org/web/20200625025504/https://www.michigan.gov/coronavirus/0,9753,7-406-98163_98173---,00.html",2020-06-24,0,0,0,0,0,0,0,0,1,0,0,0,1,0,0,0,0,0,0,0,0,0,0,0,25,0,0,0,0,0,0,0,0,0,1,0,0,1,1,0,3,0,0,1,0,0,1,0,0,37,1,0,0,0,0,0,0,1,0,0,0,0,41,0,0,0,0,0,0,5,0,0,3,1,0,1,1,0,0,1,0,119,0,0,0,0,0,246,84,"This report is provisional and subject to change. City of Detroit and Wayne County are reported separately. MDHHS began tracking probable cases April 5, 2020. FCI indicates federal correctional institute. MDOC indicates Michigan Department of Corrections. Diagnostic tests, including nucleic acid amplification/real-time polymerase chain reaction (NAAT/RT-PCR) and rapid virus antigen detection point of care (POC) tests, look for current infection. Serology (antibody) tests are used to look for the possibility of previous infection.
Source: Michigan Disease Surveillance System (MDSS) and Vital Records",115,131,0,0,1,3,16,21,52,53,100,0,1,0,97,130,4,4,10
2020-06-26 11:02,"https://web.archive.org/web/20200626150208/https://www.michigan.gov/coronavirus/0,9753,7-406-98163_98173---,00.html",2020-06-25,0,0,0,0,0,0,0,0,1,0,0,0,1,0,0,0,0,0,0,0,0,0,0,0,25,0,0,0,0,0,0,0,0,0,1,0,0,1,1,0,3,0,0,1,0,0,1,0,0,37,0,0,0,0,0,0,0,1,0,0,0,0,42,0,0,0,0,0,0,5,0,0,3,1,0,1,1,0,0,1,0,120,0,0,0,0,0,247,85,"This report is provisional and subject to change. City of Detroit and Wayne County are reported separately. MDHHS began tracking probable cases April 5, 2020. FCI indicates federal correctional institute. MDOC indicates Michigan Department of Corrections. Diagnostic tests, including nucleic acid amplification/real-time polymerase chain reaction (NAAT/RT-PCR) and rapid virus antigen detection point of care (POC) tests, look for current infection. Serology (antibody) tests are used to look for the possibility of previous infection.
Source: Michigan Disease Surveillance System (MDSS) and Vital Records",116,131,0,0,1,3,16,21,54,52,100,0,1,0,99,129,4,4,10
2020-06-26 23:42,"https://web.archive.org/web/20200627034205/https://www.michigan.gov/coronavirus/0,9753,7-406-98163_98173---,00.html",2020-06-26,0,0,0,0,0,0,0,0,1,0,0,0,1,0,0,0,0,0,0,0,0,0,0,0,25,0,0,0,0,0,0,0,0,0,1,0,0,1,1,0,3,0,0,1,0,0,1,0,0,37,0,0,0,0,0,0,0,1,0,0,0,0,42,0,0,0,0,0,0,5,0,0,3,1,0,1,1,0,0,1,0,119,0,0,0,0,0,246,84,"This report is provisional and subject to change. City of Detroit and Wayne County are reported separately. MDHHS began tracking probable cases April 5, 2020. FCI indicates federal correctional institute. MDOC indicates Michigan Department of Corrections. Diagnostic tests, including nucleic acid amplification/real-time polymerase chain reaction (NAAT/RT-PCR) and rapid virus antigen detection point of care (POC) tests, look for current infection. Serology (antibody) tests are used to look for the possibility of previous infection.
Source: Michigan Disease Surveillance System (MDSS) and Vital Records",116,130,0,0,1,3,16,20,54,52,100,0,1,0,98,129,4,4,10
2020-06-27 19:09,"https://web.archive.org/web/20200627230958/https://www.michigan.gov/coronavirus/0,9753,7-406-98163_98173---,00.html",2020-06-27,0,0,0,0,0,0,0,0,1,0,0,0,1,0,0,0,0,0,0,0,0,0,0,0,25,0,0,0,0,0,0,0,0,0,1,0,0,1,1,0,3,0,0,1,0,0,1,0,0,37,0,0,0,0,0,0,0,1,0,0,0,0,42,0,0,0,0,0,0,5,0,0,3,1,0,1,1,0,0,1,0,119,0,0,0,0,0,246,84,"This report is provisional and subject to change. City of Detroit and Wayne County are reported separately. MDHHS began tracking probable cases April 5, 2020. FCI indicates federal correctional institute. MDOC indicates Michigan Department of Corrections. Diagnostic tests, including nucleic acid amplification/real-time polymerase chain reaction (NAAT/RT-PCR) and rapid virus antigen detection point of care (POC) tests, look for current infection. Serology (antibody) tests are used to look for the possibility of previous infection.
Source: Michigan Disease Surveillance System (MDSS) and Vital Records",116,130,0,0,1,3,16,20,54,52,100,0,1,0,98,129,4,4,10
2020-06-28 21:24,"https://web.archive.org/web/20200629012457/https://www.michigan.gov/coronavirus/0,9753,7-406-98163_98173---,00.html",2020-06-28,0,0,0,0,0,0,0,0,1,0,0,0,1,0,0,0,0,0,0,0,0,0,0,0,25,0,0,0,0,0,0,0,0,0,1,0,0,1,1,0,3,0,0,1,0,0,1,0,0,37,0,0,0,0,0,0,0,1,0,0,0,0,42,0,0,0,0,0,0,5,0,0,3,1,0,1,1,0,0,1,0,119,0,0,0,0,0,246,84,"This report is provisional and subject to change. City of Detroit and Wayne County are reported separately. MDHHS began tracking probable cases April 5, 2020. FCI indicates federal correctional institute. MDOC indicates Michigan Department of Corrections. Diagnostic tests, including nucleic acid amplification/real-time polymerase chain reaction (NAAT/RT-PCR) and rapid virus antigen detection point of care (POC) tests, look for current infection. Serology (antibody) tests are used to look for the possibility of previous infection.
Source: Michigan Disease Surveillance System (MDSS) and Vital Records",116,130,0,0,1,3,16,20,54,52,100,0,1,0,98,129,4,4,10
2020-06-29 16:43,"https://web.archive.org/web/20200629204321/https://www.michigan.gov/coronavirus/0,9753,7-406-98163_98173---,00.html",2020-06-29,0,0,0,0,0,0,0,0,1,0,0,0,1,0,0,0,0,0,0,0,0,0,0,0,25,0,0,0,0,0,0,0,0,0,1,0,0,1,1,0,3,0,0,1,0,0,1,0,0,37,0,0,0,0,0,0,0,1,0,0,0,0,42,0,0,0,0,0,0,5,0,0,3,1,0,1,1,0,0,1,0,119,0,0,0,0,0,246,84,"This report is provisional and subject to change. City of Detroit and Wayne County are reported separately. MDHHS began tracking probable cases April 5, 2020. FCI indicates federal correctional institute. MDOC indicates Michigan Department of Corrections. Diagnostic tests, including nucleic acid amplification/real-time polymerase chain reaction (NAAT/RT-PCR) and rapid virus antigen detection point of care (POC) tests, look for current infection. Serology (antibody) tests are used to look for the possibility of previous infection.
Source: Michigan Disease Surveillance System (MDSS) and Vital Records",116,130,0,0,1,3,16,20,54,52,100,0,1,0,98,129,4,4,10
2020-06-30 17:09,"https://web.archive.org/web/20200630210921/https://www.michigan.gov/coronavirus/0,9753,7-406-98163_98173---,00.html",2020-06-30,0,0,0,0,0,0,0,0,1,0,0,0,1,0,0,0,0,0,0,0,0,0,0,0,25,0,0,0,0,0,0,0,0,0,1,0,0,1,1,0,3,0,0,1,0,0,1,0,0,37,0,0,0,0,0,0,0,1,0,0,0,0,42,0,0,0,0,0,0,5,0,0,3,1,0,1,1,0,0,1,0,119,0,0,0,0,0,246,84,"This report is provisional and subject to change. City of Detroit and Wayne County are reported separately. MDHHS began tracking probable cases April 5, 2020. FCI indicates federal correctional institute. MDOC indicates Michigan Department of Corrections. Diagnostic tests, including nucleic acid amplification/real-time polymerase chain reaction (NAAT/RT-PCR) and rapid virus antigen detection point of care (POC) tests, look for current infection. Serology (antibody) tests are used to look for the possibility of previous infection.
Source: Michigan Disease Surveillance System (MDSS) and Vital Records",116,130,0,0,1,3,16,20,54,52,100,0,1,0,98,129,4,4,10
2020-07-01 15:54,"https://web.archive.org/web/20200701195412/https://www.michigan.gov/coronavirus/0,9753,7-406-98163_98173---,00.html",2020-07-01,0,0,0,0,0,0,0,0,1,0,0,0,1,0,0,0,0,0,0,0,0,0,0,0,25,0,0,0,0,0,0,0,0,0,1,0,0,1,1,0,3,0,0,1,0,0,1,0,0,37,0,0,0,0,0,0,0,1,0,0,0,0,42,0,0,0,0,0,0,5,0,0,3,1,0,1,1,0,0,1,0,120,0,0,0,0,0,247,84,"This report is provisional and subject to change. City of Detroit and Wayne County are reported separately. MDHHS began tracking probable cases April 5, 2020. FCI indicates federal correctional institute. MDOC indicates Michigan Department of Corrections. Diagnostic tests, including nucleic acid amplification/real-time polymerase chain reaction (NAAT/RT-PCR) and rapid virus antigen detection point of care (POC) tests, look for current infection. Serology (antibody) tests are used to look for the possibility of previous infection.
Source: Michigan Disease Surveillance System (MDSS) and Vital Records",116,131,0,0,1,3,16,20,54,52,101,0,1,0,98,130,4,4,10
2020-07-02 15:49,"https://web.archive.org/web/20200702194935/https://www.michigan.gov/coronavirus/0,9753,7-406-98163_98173---,00.html",2020-07-02,0,0,0,0,0,0,0,0,0,0,0,0,1,0,0,0,0,0,0,0,0,0,0,0,25,0,0,0,0,0,0,0,0,0,1,0,0,1,1,0,3,0,0,1,0,0,1,0,0,37,0,0,0,0,0,0,0,1,0,0,0,0,42,0,0,0,0,0,0,5,0,0,3,1,0,1,1,0,0,1,0,120,0,0,0,0,0,246,84,"This report is provisional and subject to change. City of Detroit and Wayne County are reported separately. MDHHS began tracking probable cases April 5, 2020. FCI indicates federal correctional institute. MDOC indicates Michigan Department of Corrections. Diagnostic tests, including nucleic acid amplification/real-time polymerase chain reaction (NAAT/RT-PCR) and rapid virus antigen detection point of care (POC) tests, look for current infection. Serology (antibody) tests are used to look for the possibility of previous infection.
Source: Michigan Disease Surveillance System (MDSS) and Vital Records",116,130,0,0,1,3,16,20,54,52,100,0,1,0,98,129,4,4,10
2020-07-04 13:20,"https://web.archive.org/web/20200704172050/https://www.michigan.gov/coronavirus/0,9753,7-406-98163_98173---,00.html",2020-07-03,0,0,0,0,0,0,0,0,0,0,0,0,1,0,0,0,0,0,0,0,0,0,0,0,25,0,0,0,0,0,0,0,0,0,1,0,0,1,1,0,3,0,0,1,0,0,1,0,0,37,0,0,0,0,0,0,0,1,0,0,0,0,42,0,0,0,0,0,0,5,0,0,3,1,0,1,1,0,0,1,0,120,0,0,0,0,0,246,84,"This report is provisional and subject to change. City of Detroit and Wayne County are reported separately. MDHHS began tracking probable cases April 5, 2020. FCI indicates federal correctional institute. MDOC indicates Michigan Department of Corrections. Diagnostic tests, including nucleic acid amplification/real-time polymerase chain reaction (NAAT/RT-PCR) and rapid virus antigen detection point of care (POC) tests, look for current infection. Serology (antibody) tests are used to look for the possibility of previous infection.
Source: Michigan Disease Surveillance System (MDSS) and Vital Records",116,130,0,0,1,3,16,20,54,52,100,0,1,0,98,129,4,4,10
2020-07-05 14:16,"https://web.archive.org/web/20200705181628/https://www.michigan.gov/coronavirus/0,9753,7-406-98163_98173---,00.html",2020-07-04,0,0,0,0,0,0,0,0,0,0,0,0,1,0,0,0,0,0,0,0,0,0,0,0,25,0,0,0,0,0,0,0,0,0,1,0,0,1,1,0,3,0,0,1,0,0,1,0,0,37,0,0,0,0,0,0,0,1,0,0,0,0,42,0,0,0,0,0,0,5,0,0,3,1,0,1,1,0,0,1,0,120,0,0,0,0,0,246,84,"This report is provisional and subject to change. City of Detroit and Wayne County are reported separately. MDHHS began tracking probable cases April 5, 2020. FCI indicates federal correctional institute. MDOC indicates Michigan Department of Corrections. Diagnostic tests, including nucleic acid amplification/real-time polymerase chain reaction (NAAT/RT-PCR) and rapid virus antigen detection point of care (POC) tests, look for current infection. Serology (antibody) tests are used to look for the possibility of previous infection.
Source: Michigan Disease Surveillance System (MDSS) and Vital Records",116,130,0,0,1,3,16,20,54,52,100,0,1,0,98,129,4,4,10
2020-07-05 17:06,"https://web.archive.org/web/20200705210613/https://www.michigan.gov/coronavirus/0,9753,7-406-98163_98173---,00.html",2020-07-05,0,0,0,0,0,0,0,0,0,0,0,0,1,0,0,0,0,0,0,0,0,0,0,0,25,0,0,0,0,0,0,0,0,0,1,0,0,1,1,0,3,0,0,1,0,0,1,0,0,37,0,0,0,0,0,0,0,1,0,0,0,0,42,0,0,0,0,0,0,5,0,0,3,1,0,1,1,0,0,1,0,120,0,0,0,0,0,246,84,"This report is provisional and subject to change. City of Detroit and Wayne County are reported separately. MDHHS began tracking probable cases April 5, 2020. FCI indicates federal correctional institute. MDOC indicates Michigan Department of Corrections. Diagnostic tests, including nucleic acid amplification/real-time polymerase chain reaction (NAAT/RT-PCR) and rapid virus antigen detection point of care (POC) tests, look for current infection. Serology (antibody) tests are used to look for the possibility of previous infection.
Source: Michigan Disease Surveillance System (MDSS) and Vital Records",116,130,0,0,1,3,16,20,54,52,100,0,1,0,98,129,4,4,10
2020-07-06 17:30,"https://web.archive.org/web/20200706213011/https://www.michigan.gov/coronavirus/0,9753,7-406-98163_98173---,00.html",2020-07-06,0,0,0,0,0,0,0,0,0,0,0,0,1,0,0,0,0,0,0,0,0,0,0,0,25,0,0,0,0,0,0,0,0,0,1,0,0,1,1,0,3,0,0,1,0,0,1,0,0,37,0,0,0,0,0,0,0,1,0,0,0,0,42,0,0,0,0,0,0,5,0,0,3,1,0,1,1,0,0,1,0,120,0,0,0,0,0,246,84,"This report is provisional and subject to change. City of Detroit and Wayne County are reported separately. MDHHS began tracking probable cases April 5, 2020. FCI indicates federal correctional institute. MDOC indicates Michigan Department of Corrections. Diagnostic tests, including nucleic acid amplification/real-time polymerase chain reaction (NAAT/RT-PCR) and rapid virus antigen detection point of care (POC) tests, look for current infection. Serology (antibody) tests are used to look for the possibility of previous infection.
Source: Michigan Disease Surveillance System (MDSS) and Vital Records",116,130,0,0,1,3,16,20,54,52,100,0,1,0,98,129,4,4,10
2020-07-07 17:18,"https://web.archive.org/web/20200707211825/https://www.michigan.gov/coronavirus/0,9753,7-406-98163_98173---,00.html",2020-07-07,0,0,0,0,0,0,0,0,0,0,0,0,1,0,0,0,0,0,0,0,0,0,0,0,25,0,0,0,0,0,0,0,0,0,1,0,0,1,1,0,3,0,0,1,0,0,1,0,0,37,0,0,0,0,0,0,0,1,0,0,0,0,42,0,0,0,0,0,0,5,0,0,3,1,0,1,1,0,0,1,0,120,0,0,0,0,0,246,84,"This report is provisional and subject to change. City of Detroit and Wayne County are reported separately. MDHHS began tracking probable cases April 5, 2020. FCI indicates federal correctional institute. MDOC indicates Michigan Department of Corrections. Diagnostic tests, including nucleic acid amplification/real-time polymerase chain reaction (NAAT/RT-PCR) and rapid virus antigen detection point of care (POC) tests, look for current infection. Serology (antibody) tests are used to look for the possibility of previous infection.
Source: Michigan Disease Surveillance System (MDSS) and Vital Records",116,130,0,0,1,3,16,20,54,52,100,0,1,0,98,129,4,4,10
2020-07-08 18:02,"https://web.archive.org/web/20200708220221/https://www.michigan.gov/coronavirus/0,9753,7-406-98163_98173---,00.html",2020-07-08,0,0,0,0,0,0,0,0,0,0,0,0,1,0,0,0,0,0,0,0,0,0,0,0,25,0,0,0,0,0,0,0,0,0,1,0,0,1,1,0,3,0,0,1,0,0,1,0,0,37,0,0,0,0,0,0,0,1,0,0,0,0,42,0,0,0,0,0,0,5,0,0,3,1,0,1,1,0,0,1,0,121,0,0,0,0,0,247,85,"This report is provisional and subject to change. City of Detroit and Wayne County are reported separately. MDHHS began tracking probable cases April 5, 2020. FCI indicates federal correctional institute. MDOC indicates Michigan Department of Corrections. Diagnostic tests, including nucleic acid amplification/real-time polymerase chain reaction (NAAT/RT-PCR) and rapid virus antigen detection point of care (POC) tests, look for current infection. Serology (antibody) tests are used to look for the possibility of previous infection.
Source: Michigan Disease Surveillance System (MDSS) and Vital Records",117,130,0,0,1,3,16,20,54,53,100,0,1,0,99,129,4,4,10
2020-07-09 15:30,"https://web.archive.org/web/20200709193029/https://www.michigan.gov/coronavirus/0,9753,7-406-98163_98173---,00.html",2020-07-09,0,0,0,0,0,0,0,0,0,0,0,0,1,0,0,0,0,0,0,0,0,0,0,0,25,0,0,0,0,0,0,0,0,0,1,0,0,1,1,0,3,0,0,1,0,0,1,0,0,37,0,0,0,0,0,0,0,1,0,0,0,0,42,0,0,0,0,0,0,5,0,0,3,1,0,1,1,0,0,1,0,121,0,0,0,0,0,247,85,"This report is provisional and subject to change. City of Detroit and Wayne County are reported separately. MDHHS began tracking probable cases April 5, 2020. FCI indicates federal correctional institute. MDOC indicates Michigan Department of Corrections. Diagnostic tests, including nucleic acid amplification/real-time polymerase chain reaction (NAAT/RT-PCR) and rapid virus antigen detection point of care (POC) tests, look for current infection. Serology (antibody) tests are used to look for the possibility of previous infection.
Source: Michigan Disease Surveillance System (MDSS) and Vital Records",117,130,0,0,1,3,16,20,54,53,100,0,1,0,99,130,3,4,10
2020-07-10 16:19,"https://web.archive.org/web/20200709193029/https://www.michigan.gov/coronavirus/0,9753,7-406-98163_98173---,00.html",2020-07-10,0,0,0,0,0,0,0,0,0,0,0,0,1,0,0,0,0,0,0,0,0,0,0,0,25,0,0,0,0,0,0,0,0,0,1,0,0,1,1,0,3,0,0,1,0,0,1,0,0,37,0,0,0,0,0,0,0,1,0,0,0,0,42,0,0,0,0,0,0,5,0,0,3,1,0,1,1,0,0,1,0,120,0,0,0,0,0,246,84,"This report is provisional and subject to change. City of Detroit and Wayne County are reported separately. MDHHS began tracking probable cases April 5, 2020. FCI indicates federal correctional institute. MDOC indicates Michigan Department of Corrections. Diagnostic tests, including nucleic acid amplification/real-time polymerase chain reaction (NAAT/RT-PCR) and rapid virus antigen detection point of care (POC) tests, look for current infection. Serology (antibody) tests are used to look for the possibility of previous infection.
Source: Michigan Disease Surveillance System (MDSS) and Vital Records",116,130,0,0,1,3,16,20,54,53,99,0,1,0,98,130,3,4,10
2020-07-11 18:49,"https://web.archive.org/web/20200711224905/https://www.michigan.gov/coronavirus/0,9753,7-406-98163_98173---,00.html",2020-07-11,0,0,0,0,0,0,0,0,0,0,0,0,1,0,0,0,0,0,0,0,0,0,0,0,25,0,0,0,0,0,0,0,0,0,1,0,0,1,1,0,3,0,0,1,0,0,1,0,0,37,0,0,0,0,0,0,0,1,0,0,0,0,42,0,0,0,0,0,0,5,0,0,3,1,0,1,1,0,0,1,0,120,0,0,0,0,0,246,84,"This report is provisional and subject to change. City of Detroit and Wayne County are reported separately. MDHHS began tracking probable cases April 5, 2020. FCI indicates federal correctional institute. MDOC indicates Michigan Department of Corrections. Diagnostic tests, including nucleic acid amplification/real-time polymerase chain reaction (NAAT/RT-PCR) and rapid virus antigen detection point of care (POC) tests, look for current infection. Serology (antibody) tests are used to look for the possibility of previous infection.
Source: Michigan Disease Surveillance System (MDSS) and Vital Records",116,130,0,0,1,3,16,20,54,53,99,0,1,0,98,130,3,4,10
2020-07-12 18:40,"https://web.archive.org/web/20200712224047/https://www.michigan.gov/coronavirus/0,9753,7-406-98163_98173---,00.html",2020-07-12,0,0,0,0,0,0,0,0,0,0,0,0,1,0,0,0,0,0,0,0,0,0,0,0,25,0,0,0,0,0,0,0,0,0,1,0,0,1,1,0,3,0,0,1,0,0,1,0,0,37,0,0,0,0,0,0,0,1,0,0,0,0,42,0,0,0,0,0,0,5,0,0,3,1,0,1,1,0,0,1,0,120,0,0,0,0,0,246,84,"This report is provisional and subject to change. City of Detroit and Wayne County are reported separately. MDHHS began tracking probable cases April 5, 2020. FCI indicates federal correctional institute. MDOC indicates Michigan Department of Corrections. Diagnostic tests, including nucleic acid amplification/real-time polymerase chain reaction (NAAT/RT-PCR) and rapid virus antigen detection point of care (POC) tests, look for current infection. Serology (antibody) tests are used to look for the possibility of previous infection.
Source: Michigan Disease Surveillance System (MDSS) and Vital Records",116,130,0,0,1,3,16,20,54,53,99,0,1,0,98,130,3,4,10
2020-07-13 22:41,"https://web.archive.org/web/20200714024103/https://www.michigan.gov/coronavirus/0,9753,7-406-98159-523641--,00.html",2020-07-13,0,0,0,0,0,0,0,0,0,0,0,0,1,0,0,0,0,0,0,0,0,0,0,0,25,0,0,0,0,0,0,0,0,0,1,0,0,1,1,0,3,0,0,1,0,0,1,0,0,37,0,0,0,0,0,0,0,1,0,0,0,0,42,0,0,0,0,0,0,5,0,0,3,1,0,1,1,0,0,1,0,120,0,0,0,0,0,246,84,"This report is provisional and subject to change. City of Detroit and Wayne County are reported separately. MDHHS began tracking probable cases April 5, 2020. FCI indicates federal correctional institute. MDOC indicates Michigan Department of Corrections. Diagnostic tests, including nucleic acid amplification/real-time polymerase chain reaction (NAAT/RT-PCR) and rapid virus antigen detection point of care (POC) tests, look for current infection. Serology (antibody) tests are used to look for the possibility of previous infection.
Source: Michigan Disease Surveillance System (MDSS) and Vital Records",116,130,0,0,1,3,16,20,54,53,99,0,1,0,98,130,3,4,10
2020-07-15 13:24,"https://web.archive.org/web/20200715172155/https://www.michigan.gov/coronavirus/0,9753,7-406-98163_98173---,00.html",2020-07-14,0,0,0,0,0,0,0,0,0,0,0,0,1,0,0,0,0,0,0,0,0,0,0,0,25,0,0,0,0,0,0,0,0,0,1,0,0,1,1,0,3,0,0,1,0,0,1,0,0,37,0,0,0,0,0,0,0,1,0,0,0,0,41,0,0,0,0,0,0,5,0,0,3,1,0,1,1,0,0,1,0,120,0,0,0,0,0,245,84,"This report is provisional and subject to change. City of Detroit and Wayne County are reported separately. MDHHS began tracking probable cases April 5, 2020. FCI indicates federal correctional institute. MDOC indicates Michigan Department of Corrections. Diagnostic tests, including nucleic acid amplification/real-time polymerase chain reaction (NAAT/RT-PCR) and rapid virus antigen detection point of care (POC) tests, look for current infection. Serology (antibody) tests are used to look for the possibility of previous infection.
Source: Michigan Disease Surveillance System (MDSS) and Vital Records",116,129,0,0,1,3,16,20,54,53,98,0,1,0,98,129,3,4,10
2020-07-16 12:30,"https://web.archive.org/web/20200716163018/https://www.michigan.gov/coronavirus/0,9753,7-406-98163_98173---,00.html",2020-07-15,0,0,0,0,0,0,0,0,0,0,0,0,1,0,0,0,0,0,0,0,0,0,0,0,25,0,0,0,0,0,0,0,0,0,1,0,0,1,1,0,3,0,0,1,0,0,1,0,0,37,0,0,0,0,0,0,0,1,0,0,0,0,41,0,0,0,0,0,0,5,0,0,3,1,0,1,1,0,0,1,0,120,0,0,0,0,0,245,84,"This report is provisional and subject to change. City of Detroit and Wayne County are reported separately. MDHHS began tracking probable cases April 5, 2020. FCI indicates federal correctional institute. MDOC indicates Michigan Department of Corrections. Diagnostic tests, including nucleic acid amplification/real-time polymerase chain reaction (NAAT/RT-PCR) and rapid virus antigen detection point of care (POC) tests, look for current infection. Serology (antibody) tests are used to look for the possibility of previous infection.
Source: Michigan Disease Surveillance System (MDSS) and Vital Records",116,129,0,0,1,3,16,20,54,53,98,0,1,0,98,129,3,4,10
2020-07-16 16:16,"https://web.archive.org/web/20200716201606/https://www.michigan.gov/coronavirus/0,9753,7-406-98163_98173---,00.html",2020-07-16,0,0,0,0,0,0,0,0,0,0,0,0,1,0,0,0,0,0,0,0,0,0,0,0,25,0,0,0,0,0,0,0,0,0,1,0,0,1,1,0,3,0,0,1,0,0,1,0,0,37,0,0,0,0,0,0,0,1,0,0,0,0,41,0,0,0,0,0,0,5,0,0,3,1,0,1,1,0,0,1,0,122,0,0,0,0,0,247,86,"This report is provisional and subject to change. City of Detroit and Wayne County are reported separately. MDHHS began tracking probable cases April 5, 2020. FCI indicates federal correctional institute. MDOC indicates Michigan Department of Corrections. Diagnostic tests, including nucleic acid amplification/real-time polymerase chain reaction (NAAT/RT-PCR) and rapid virus antigen detection point of care (POC) tests, look for current infection. Serology (antibody) tests are used to look for the possibility of previous infection.
Source: Michigan Disease Surveillance System (MDSS) and Vital Records",117,130,0,0,1,3,16,20,55,54,98,0,1,0,100,129,3,4,10
2020-07-18 13:43,"https://web.archive.org/web/20200718174300/https://www.michigan.gov/coronavirus/0,9753,7-406-98163_98173---,00.html",2020-07-17,0,0,0,0,0,0,0,0,0,0,0,0,1,0,0,0,0,0,0,0,0,0,0,0,25,0,0,0,0,0,0,0,0,0,1,0,0,1,1,0,3,0,0,1,0,0,1,0,0,37,0,0,0,0,0,0,0,1,0,0,0,0,41,0,0,0,0,0,0,5,0,0,3,1,0,1,1,0,0,1,0,122,0,0,0,0,0,247,86,"This report is provisional and subject to change. City of Detroit and Wayne County are reported separately. MDHHS began tracking probable cases April 5, 2020. FCI indicates federal correctional institute. MDOC indicates Michigan Department of Corrections. Diagnostic tests, including nucleic acid amplification/real-time polymerase chain reaction (NAAT/RT-PCR) and rapid virus antigen detection point of care (POC) tests, look for current infection. Serology (antibody) tests are used to look for the possibility of previous infection.
Source: Michigan Disease Surveillance System (MDSS) and Vital Records",117,130,0,0,1,3,16,20,55,54,98,0,1,0,100,129,3,4,10
2020-07-19 13:52,"https://web.archive.org/web/20200719175207/https://www.michigan.gov/coronavirus/0,9753,7-406-98163_98173---,00.html",2020-07-18,0,0,0,0,0,0,0,0,0,0,0,0,1,0,0,0,0,0,0,0,0,0,0,0,25,0,0,0,0,0,0,0,0,0,1,0,0,1,1,0,3,0,0,1,0,0,1,0,0,37,0,0,0,0,0,0,0,1,0,0,0,0,41,0,0,0,0,0,0,5,0,0,3,1,0,1,1,0,0,1,0,122,0,0,0,0,0,247,86,"This report is provisional and subject to change. City of Detroit and Wayne County are reported separately. MDHHS began tracking probable cases April 5, 2020. FCI indicates federal correctional institute. MDOC indicates Michigan Department of Corrections. Diagnostic tests, including nucleic acid amplification/real-time polymerase chain reaction (NAAT/RT-PCR) and rapid virus antigen detection point of care (POC) tests, look for current infection. Serology (antibody) tests are used to look for the possibility of previous infection.
Source: Michigan Disease Surveillance System (MDSS) and Vital Records",117,130,0,0,1,3,16,20,55,54,98,0,1,0,100,129,3,4,10
2020-07-20 12:59,"https://web.archive.org/web/20200720165903/https://www.michigan.gov/coronavirus/0,9753,7-406-98163_98173---,00.html",2020-07-19,0,0,0,0,0,0,0,0,0,0,0,0,1,0,0,0,0,0,0,0,0,0,0,0,25,0,0,0,0,0,0,0,0,0,1,0,0,1,1,0,3,0,0,1,0,0,1,0,0,37,0,0,0,0,0,0,0,1,0,0,0,0,41,0,0,0,0,0,0,5,0,0,3,1,0,1,1,0,0,1,0,122,0,0,0,0,0,247,86,"This report is provisional and subject to change. City of Detroit and Wayne County are reported separately. MDHHS began tracking probable cases April 5, 2020. FCI indicates federal correctional institute. MDOC indicates Michigan Department of Corrections. Diagnostic tests, including nucleic acid amplification/real-time polymerase chain reaction (NAAT/RT-PCR) and rapid virus antigen detection point of care (POC) tests, look for current infection. Serology (antibody) tests are used to look for the possibility of previous infection.
Source: Michigan Disease Surveillance System (MDSS) and Vital Records",117,130,0,0,1,3,16,20,55,54,98,0,1,0,100,129,3,4,10
2020-07-21 10:34,"https://web.archive.org/web/20200721142344/https://www.michigan.gov/coronavirus/0,9753,7-406-98163_98173---,00.html",2020-07-20,0,0,0,0,0,0,0,0,0,0,0,0,1,0,0,0,0,0,0,0,0,0,0,0,25,0,0,0,0,0,0,0,0,0,1,0,0,1,1,0,3,0,0,1,0,0,1,0,0,37,0,0,0,0,0,0,0,1,0,0,0,0,41,0,0,0,0,0,0,5,0,0,3,1,0,1,1,0,0,1,0,122,0,0,0,0,0,247,86,"This report is provisional and subject to change. City of Detroit and Wayne County are reported separately. MDHHS began tracking probable cases April 5, 2020. FCI indicates federal correctional institute. MDOC indicates Michigan Department of Corrections. Diagnostic tests, including nucleic acid amplification/real-time polymerase chain reaction (NAAT/RT-PCR) and rapid virus antigen detection point of care (POC) tests, look for current infection. Serology (antibody) tests are used to look for the possibility of previous infection.
Source: Michigan Disease Surveillance System (MDSS) and Vital Records",117,130,0,0,1,3,16,20,55,54,98,0,1,0,100,129,3,4,10
2020-07-22 13:23,"https://web.archive.org/web/20200721142344/https://www.michigan.gov/coronavirus/0,9753,7-406-98163_98173---,00.html",2020-07-21,0,0,0,0,0,0,0,0,0,0,0,0,1,0,0,0,0,0,0,0,0,0,0,0,25,0,0,0,0,0,0,0,0,0,1,0,0,1,1,0,3,0,0,1,0,0,1,0,0,37,0,0,0,0,0,0,0,1,0,0,0,0,41,0,0,0,0,0,0,5,0,0,3,1,0,1,1,0,0,1,0,122,0,0,0,0,0,247,86,"This report is provisional and subject to change. City of Detroit and Wayne County are reported separately. MDHHS began tracking probable cases April 5, 2020. FCI indicates federal correctional institute. MDOC indicates Michigan Department of Corrections. Diagnostic tests, including nucleic acid amplification/real-time polymerase chain reaction (NAAT/RT-PCR) and rapid virus antigen detection point of care (POC) tests, look for current infection. Serology (antibody) tests are used to look for the possibility of previous infection.
Source: Michigan Disease Surveillance System (MDSS) and Vital Records",117,130,0,0,1,3,16,20,55,54,98,0,1,0,100,129,3,4,10
2020-07-23 12:37,"https://web.archive.org/web/20200723164726/https://www.michigan.gov/coronavirus/0,9753,7-406-98163_98173---,00.html",2020-07-22,0,0,0,0,0,0,0,0,0,0,0,0,1,0,0,0,0,0,0,0,0,0,0,0,25,0,0,0,0,0,0,0,0,0,1,0,0,1,1,0,3,0,0,1,0,0,1,0,0,37,0,0,0,0,0,0,0,1,0,0,0,0,41,0,0,0,0,0,0,5,0,0,3,1,0,1,1,0,0,1,0,122,0,0,0,0,0,247,86,"This report is provisional and subject to change. City of Detroit and Wayne County are reported separately. MDHHS began tracking probable cases April 5, 2020. FCI indicates federal correctional institute. MDOC indicates Michigan Department of Corrections. Diagnostic tests, including nucleic acid amplification/real-time polymerase chain reaction (NAAT/RT-PCR) and rapid virus antigen detection point of care (POC) tests, look for current infection. Serology (antibody) tests are used to look for the possibility of previous infection.
Source: Michigan Disease Surveillance System (MDSS) and Vital Records",117,130,0,0,1,3,16,20,55,54,98,0,1,0,100,129,3,4,10
2020-07-23 18:10,"https://web.archive.org/web/20200723163631/https://www.michigan.gov/coronavirus/0,9753,7-406-98163_98173---,00.html",2020-07-23,0,0,0,0,0,0,0,0,0,0,0,0,1,0,0,0,0,0,0,0,0,0,0,0,25,0,0,0,0,0,0,0,0,0,1,0,0,1,1,0,3,0,0,1,0,0,1,0,0,37,0,0,0,0,0,0,0,1,0,0,0,0,41,0,0,0,0,0,0,5,0,0,3,1,0,1,1,0,0,1,0,122,0,0,0,0,0,247,86,"This report is provisional and subject to change. City of Detroit and Wayne County are reported separately. MDHHS began tracking probable cases April 5, 2020. FCI indicates federal correctional institute. MDOC indicates Michigan Department of Corrections. Diagnostic tests, including nucleic acid amplification/real-time polymerase chain reaction (NAAT/RT-PCR) and rapid virus antigen detection point of care (POC) tests, look for current infection. Serology (antibody) tests are used to look for the possibility of previous infection.
Source: Michigan Disease Surveillance System (MDSS) and Vital Records",117,130,0,0,1,3,16,20,55,54,98,0,1,0,100,129,3,4,10
2020-07-24 19:50,"https://web.archive.org/web/20200724235043/https://www.michigan.gov/coronavirus/0,9753,7-406-98163_98173---,00.html",2020-07-24,0,0,0,0,0,0,0,0,0,0,0,0,1,0,0,0,0,0,0,0,0,0,0,0,25,0,0,0,0,0,0,0,0,0,1,0,0,1,1,0,3,0,0,1,0,0,1,0,0,37,0,0,0,0,0,0,0,1,0,0,0,0,42,0,0,0,0,0,0,5,0,0,3,1,0,1,1,0,0,1,0,123,0,0,0,0,0,249,86,"This report is provisional and subject to change. City of Detroit and Wayne County are reported separately. MDHHS began tracking probable cases April 5, 2020. FCI indicates federal correctional institute. MDOC indicates Michigan Department of Corrections. Diagnostic tests, including nucleic acid amplification/real-time polymerase chain reaction (NAAT/RT-PCR) and rapid virus antigen detection point of care (POC) tests, look for current infection. Serology (antibody) tests are used to look for the possibility of previous infection.
Source: Michigan Disease Surveillance System (MDSS) and Vital Records",119,130,0,0,1,3,16,20,56,55,98,0,1,0,100,131,3,4,10
2020-07-26 14:14,"https://web.archive.org/web/20200726181405/https://www.michigan.gov/coronavirus/0,9753,7-406-98163_98173---,00.html",2020-07-25,0,0,0,0,0,0,0,0,0,0,0,0,1,0,0,0,0,0,0,0,0,0,0,0,25,0,0,0,0,0,0,0,0,0,1,0,0,1,1,0,3,0,0,1,0,0,1,0,0,37,0,0,0,0,0,0,0,1,0,0,0,0,42,0,0,0,0,0,0,5,0,0,3,1,0,1,1,0,0,1,0,125,0,0,0,0,0,251,88,"This report is provisional and subject to change. City of Detroit and Wayne County are reported separately. MDHHS began tracking probable cases April 5, 2020. FCI indicates federal correctional institute. MDOC indicates Michigan Department of Corrections. Diagnostic tests, including nucleic acid amplification/real-time polymerase chain reaction (NAAT/RT-PCR) and rapid virus antigen detection point of care (POC) tests, look for current infection. Serology (antibody) tests are used to look for the possibility of previous infection.
Source: Michigan Disease Surveillance System (MDSS) and Vital Records",120,131,0,0,1,3,16,21,56,55,99,0,1,0,102,131,3,4,10
2020-07-27 13:11,"https://web.archive.org/web/20200727171109/https://www.michigan.gov/coronavirus/0,9753,7-406-98163_98173---,00.html",2020-07-26,0,0,0,0,0,0,0,0,0,0,0,0,1,0,0,0,0,0,0,0,0,0,0,0,25,0,0,0,0,0,0,0,0,0,1,0,0,1,1,0,3,0,0,1,0,0,1,0,0,37,0,0,0,0,0,0,0,1,0,0,0,0,42,0,0,0,0,0,0,5,0,0,3,1,0,1,1,0,0,1,0,125,0,0,0,0,0,251,88,"This report is provisional and subject to change. City of Detroit and Wayne County are reported separately. MDHHS began tracking probable cases April 5, 2020. FCI indicates federal correctional institute. MDOC indicates Michigan Department of Corrections. Diagnostic tests, including nucleic acid amplification/real-time polymerase chain reaction (NAAT/RT-PCR) and rapid virus antigen detection point of care (POC) tests, look for current infection. Serology (antibody) tests are used to look for the possibility of previous infection.
Source: Michigan Disease Surveillance System (MDSS) and Vital Records",120,131,0,0,1,3,16,21,56,55,99,0,1,0,102,131,3,4,10
2020-07-28 12:06,"https://web.archive.org/web/20200728160619/https://www.michigan.gov/coronavirus/0,9753,7-406-98163_98173---,00.html",2020-07-27,0,0,0,0,0,0,0,0,0,0,0,0,1,0,0,0,0,0,0,0,0,0,0,0,25,0,0,0,0,0,0,0,0,0,1,0,0,1,1,0,3,0,0,1,0,0,1,0,0,37,0,0,0,0,0,0,0,1,0,0,0,0,42,0,0,0,0,0,0,5,0,0,3,1,0,1,1,0,0,1,0,125,0,0,0,0,0,251,88,"This report is provisional and subject to change. City of Detroit and Wayne County are reported separately. MDHHS began tracking probable cases April 5, 2020. FCI indicates federal correctional institute. MDOC indicates Michigan Department of Corrections. Diagnostic tests, including nucleic acid amplification/real-time polymerase chain reaction (NAAT/RT-PCR) and rapid virus antigen detection point of care (POC) tests, look for current infection. Serology (antibody) tests are used to look for the possibility of previous infection.
Source: Michigan Disease Surveillance System (MDSS) and Vital Records",120,131,0,0,1,3,16,21,56,55,99,0,1,0,102,131,3,4,10
